辞書,文境界,書字形（＝表層形）,語彙素,語彙素読み,品詞,語形(基本形),語彙素ID
,B,ロシア,ロシア-Rossiya,ロシア,名詞-固有名詞-地名-国,ロシア,40961
,I,が,が,ガ,助詞-格助詞,ガ,7889
,I,2,二,ニ,名詞-数詞,ニ,28181
,I,月,月,ガツ,名詞-普通名詞-助数詞可能,ガツ,8121
,I,2,二,ニ,名詞-数詞,ニ,28181
,I,4,四,ヨン,名詞-数詞,ヨン,39551
,I,日,日,カ,接尾辞-名詞的-助数詞,カ,5582
,I,に,に,ニ,助詞-格助詞,ニ,28178
,I,ウクライナ,ウクライナ-Ukraina,ウクライナ,名詞-固有名詞-地名-国,ウクライナ,3060
,I,に,に,ニ,助詞-格助詞,ニ,28178
,I,攻め込み,攻め込む,セメコム,動詞-一般,セメコム,20334
,I,、,、,,補助記号-読点,,24
,I,戦争,戦争,センソウ,名詞-普通名詞-サ変可能,センソウ,20543
,I,が,が,ガ,助詞-格助詞,ガ,7889
,I,始まり,始まる,ハジマル,動詞-一般,ハジマル,29724
,I,まし,ます,マス,助動詞,マス,35697
,I,た,た,タ,助動詞,タ,21642
,I,。,。,,補助記号-句点,,25
,I,ウクライナ,ウクライナ-Ukraina,ウクライナ,名詞-固有名詞-地名-国,ウクライナ,3060
,I,市民,市民,シミン,名詞-普通名詞-一般,シミン,15772
,I,の,の,ノ,助詞-格助詞,ノ,28989
,I,犠牲,犠牲,ギセイ,名詞-普通名詞-一般,ギセイ,9805
,I,は,は,ハ,助詞-係助詞,ハ,29321
,I,増え,増える,フエル,動詞-一般,フエル,32476
,I,続け,続ける,ツヅケル,動詞-非自立可能,ツヅケル,24649
,I,て,て,テ,助詞-接続助詞,テ,24874
,I,おり,居る,オル,動詞-非自立可能,オル,5360
,I,、,、,,補助記号-読点,,24
,I,国際,国際,コクサイ,名詞-普通名詞-一般,コクサイ,12524
,I,社会,社会,シャカイ,名詞-普通名詞-一般,シャカイ,15869
,I,から,から,カラ,助詞-格助詞,カラ,7219
,I,は,は,ハ,助詞-係助詞,ハ,29321
,I,ロシア,ロシア-Rossiya,ロシア,名詞-固有名詞-地名-国,ロシア,40961
,I,へ,へ,ヘ,助詞-格助詞,ヘ,33819
,I,の,の,ノ,助詞-格助詞,ノ,28989
,I,厳しい,厳しい,キビシイ,形容詞-一般,キビシイ,8793
,I,非難,非難,ヒナン,名詞-普通名詞-サ変可能,ヒナン,31601
,I,の,の,ノ,助詞-格助詞,ノ,28989
,I,声,声,コエ,名詞-普通名詞-一般,コエ,12455
,I,が,が,ガ,助詞-格助詞,ガ,7889
,I,上がっ,上がる,アガル,動詞-一般,アガル,375
,I,て,て,テ,助詞-接続助詞,テ,24874
,I,い,居る,イル,動詞-非自立可能,イル,2585
,I,ます,ます,マス,助動詞,マス,35697
,I,。,。,,補助記号-句点,,25
,I,ロシア,ロシア-Rossiya,ロシア,名詞-固有名詞-地名-国,ロシア,40961
,I,は,は,ハ,助詞-係助詞,ハ,29321
,I,なぜ,何故,ナゼ,副詞,ナゼ,27841
,I,、,、,,補助記号-読点,,24
,I,「,「,,補助記号-括弧開,,33
,I,兄弟,兄弟,キョウダイ,名詞-普通名詞-一般,キョウダイ,9278
,I,国,国,コク,接尾辞-名詞的-一般,コク,12504
,I,」,」,,補助記号-括弧閉,,34
,I,と,と,ト,助詞-格助詞,ト,25826
,I,も,も,モ,助詞-係助詞,モ,37562
,I,言わ,言う,イウ,動詞-一般,イウ,1571
,I,れ,れる,レル,助動詞,レル,40741
,I,た,た,タ,助動詞,タ,21642
,I,隣国,隣国,リンゴク,名詞-普通名詞-一般,リンゴク,40392
,I,に,に,ニ,助詞-格助詞,ニ,28178
,I,侵攻,侵攻,シンコウ,名詞-普通名詞-サ変可能,シンコウ,17316
,I,し,為る,スル,動詞-非自立可能,スル,19537
,I,た,た,タ,助動詞,タ,21642
,I,の,の,ノ,助詞-準体助詞,ノ,28990
,I,でしょう,です,デス,助動詞,デス,25653
,I,か,か,カ,助詞-終助詞,カ,5569
,I,。,。,,補助記号-句点,,25
,I,「,「,,補助記号-括弧開,,33
,I,ウクライナ,ウクライナ-Ukraina,ウクライナ,名詞-固有名詞-地名-国,ウクライナ,3060
,I,危機,危機,キキ,名詞-普通名詞-一般,キキ,8347
,I,」,」,,補助記号-括弧閉,,34
,I,の,の,ノ,助詞-格助詞,ノ,28989
,I,背景,背景,ハイケイ,名詞-普通名詞-一般,ハイケイ,29379
,I,を,を,ヲ,助詞-格助詞,ヲ,41407
,I,まとめ,纏める,マトメル,動詞-一般,マトメル,35906
,I,まし,ます,マス,助動詞,マス,35697
,I,た,た,タ,助動詞,タ,21642
,I,。,。,,補助記号-句点,,25
,B,:n:9,九,キュウ,名詞-数詞,キュウ,8929
,I,1,一,イチ,名詞-数詞,イチ,2050
,I,歳,歳,サイ,接尾辞-名詞的-助数詞,サイ,13634
,I,ゴルバチョフ,ゴルバチョフ-Gorbachyov,ゴルバチョフ,名詞-固有名詞-人名-一般,ゴルバチョフ,13579
,I,氏,氏,シ,接尾辞-名詞的-一般,シ,14945
,I,「,「,,補助記号-括弧開,,33
,I,早急,早急,サッキュウ,形状詞-一般,サッキュウ,14230
,I,な,だ,ダ,助動詞,ダ,22916
,I,平和,平和,ヘイワ,名詞-普通名詞-形状詞可能,ヘイワ,33925
,I,交渉,交渉,コウショウ,名詞-普通名詞-サ変可能,コウショウ,12097
,I,を,を,ヲ,助詞-格助詞,ヲ,41407
,I,」,」,,補助記号-括弧閉,,34
,I,　,　,,空白,,23
,I,ウクライナ,ウクライナ-Ukraina,ウクライナ,名詞-固有名詞-地名-国,ウクライナ,3060
,I,危機,危機,キキ,名詞-普通名詞-一般,キキ,8347
,I,へ,へ,ヘ,助詞-格助詞,ヘ,33819
,I,の,の,ノ,助詞-格助詞,ノ,28989
,I,視座,視座,シザ,名詞-普通名詞-一般,シザ,56411
,B,写真,写真,シャシン,名詞-普通名詞-一般,シャシン,15925
,I,・,・,,補助記号-一般,,44
,I,図版,図版,ズハン,名詞-普通名詞-一般,ズハン,19645
,B,ウクライナ,ウクライナ-Ukraina,ウクライナ,名詞-固有名詞-地名-国,ウクライナ,3060
,I,と,と,ト,助詞-格助詞,ト,25826
,I,その,其の,ソノ,連体詞,ソノ,21394
,I,周辺,周辺,シュウヘン,名詞-普通名詞-一般,シュウヘン,16201
,I,国,国,コク,接尾辞-名詞的-一般,コク,12504
,I,の,の,ノ,助詞-格助詞,ノ,28989
,I,地図,地図,チズ,名詞-普通名詞-一般,チズ,23539
,B,Q,Ｑ,キュー,記号-文字,キュー,9113
,I,　,　,,空白,,23
,I,ウクライナ,ウクライナ-Ukraina,ウクライナ,名詞-固有名詞-地名-国,ウクライナ,3060
,I,って,って,ッテ,助詞-副助詞,ッテ,24319
,I,どんな,どんな,ドンナ,連体詞,ドンナ,27414
,I,国,国,クニ,名詞-普通名詞-一般,クニ,10282
,I,？,？,,補助記号-句点,,57
,I,　,　,,空白,,23
,I,ロシア,ロシア-Rossiya,ロシア,名詞-固有名詞-地名-国,ロシア,40961
,I,と,と,ト,助詞-格助詞,ト,25826
,I,の,の,ノ,助詞-格助詞,ノ,28989
,I,関係,関係,カンケイ,名詞-普通名詞-サ変可能,カンケイ,7546
,I,は,は,ハ,助詞-係助詞,ハ,29321
,I,？,？,,補助記号-句点,,57
,B,A,Ａ,エー,記号-文字,エー,4296
,I,　,　,,空白,,23
,I,ウクライナ,ウクライナ-Ukraina,ウクライナ,名詞-固有名詞-地名-国,ウクライナ,3060
,I,は,は,ハ,助詞-係助詞,ハ,29321
,I,東,東,ヒガシ,名詞-普通名詞-一般,ヒガシ,31164
,I,を,を,ヲ,助詞-格助詞,ヲ,41407
,I,ロシア,ロシア-Rossiya,ロシア,名詞-固有名詞-地名-国,ロシア,40961
,I,に,に,ニ,助詞-格助詞,ニ,28178
,I,、,、,,補助記号-読点,,24
,I,西,西,ニシ,名詞-普通名詞-一般,ニシ,28282
,I,を,を,ヲ,助詞-格助詞,ヲ,41407
,I,欧州,オウシュウ-外国,オウシュウ,名詞-固有名詞-地名-一般,オウシュウ,4437
,I,連合,連合,レンゴウ,名詞-普通名詞-サ変可能,レンゴウ,40768
,I,（,（,,補助記号-括弧開,,46
,I,E,Ｅ,イー,記号-文字,イー,2868
,I,U,Ｕ,ユー,記号-文字,ユー,38951
,I,）,）,,補助記号-括弧閉,,49
,I,の,の,ノ,助詞-格助詞,ノ,28989
,I,国々,国々,クニグニ,名詞-普通名詞-一般,クニグニ,10289
,I,に,に,ニ,助詞-格助詞,ニ,28178
,I,挟ま,挟む,ハサム,動詞-一般,ハサム,29668
,I,れ,れる,レル,助動詞,レル,40741
,I,た,た,タ,助動詞,タ,21642
,I,、,、,,補助記号-読点,,24
,I,人口,人口,ジンコウ,名詞-普通名詞-一般,ジンコウ,18780
,I,4,四,ヨン,名詞-数詞,ヨン,39551
,I,千,千,セン,名詞-数詞,セン,20376
,I,万,万,マン,名詞-数詞,マン,36123
,I,人,人,ニン,接尾辞-名詞的-一般,ニン,28632
,I,を,を,ヲ,助詞-格助詞,ヲ,41407
,I,超える,越える,コエル,動詞-一般,コエル,12463
,I,国,国,クニ,名詞-普通名詞-一般,クニ,10282
,I,です,です,デス,助動詞,デス,25653
,I,。,。,,補助記号-句点,,25
,I,面積,面積,メンセキ,名詞-普通名詞-一般,メンセキ,37532
,I,は,は,ハ,助詞-係助詞,ハ,29321
,I,日本,日本,ニッポン,名詞-固有名詞-地名-国,ニッポン,28455
,I,の,の,ノ,助詞-格助詞,ノ,28989
,I,1,一,イチ,名詞-数詞,イチ,2050
,I,・,・,,補助記号-一般,,44
,I,6,六,ロク,名詞-数詞,ロク,40932
,I,倍,倍,バイ,名詞-普通名詞-助数詞可能,バイ,30514
,I,、,、,,補助記号-読点,,24
,I,耕地,耕地,コウチ,名詞-普通名詞-一般,コウチ,12225
,I,面積,面積,メンセキ,名詞-普通名詞-一般,メンセキ,37532
,I,は,は,ハ,助詞-係助詞,ハ,29321
,I,農業,農業,ノウギョウ,名詞-普通名詞-一般,ノウギョウ,29022
,I,国,国,コク,接尾辞-名詞的-一般,コク,12504
,I,フランス,フランス-France,フランス,名詞-固有名詞-地名-国,フランス,33082
,I,の,の,ノ,助詞-格助詞,ノ,28989
,I,1,一,イチ,名詞-数詞,イチ,2050
,I,・,・,,補助記号-一般,,44
,I,8,八,ハチ,名詞-数詞,ハチ,29802
,I,倍,倍,バイ,名詞-普通名詞-助数詞可能,バイ,30514
,I,も,も,モ,助詞-係助詞,モ,37562
,I,あり,有る,アル,動詞-非自立可能,アル,1216
,I,、,、,,補助記号-読点,,24
,I,小麦,小麦,コムギ,名詞-普通名詞-一般,コムギ,13021
,I,など,など,ナド,助詞-副助詞,ナド,27905
,I,が,が,ガ,助詞-格助詞,ガ,7889
,I,たくさん,沢山,タクサン,副詞,タクサン,22158
,I,できる,出来る,デキル,動詞-非自立可能,デキル,25624
,I,こと,事,コト,名詞-普通名詞-一般,コト,12836
,I,から,から,カラ,助詞-格助詞,カラ,7219
,I,「,「,,補助記号-括弧開,,33
,I,欧州,オウシュウ-外国,オウシュウ,名詞-固有名詞-地名-一般,オウシュウ,4437
,I,の,の,ノ,助詞-格助詞,ノ,28989
,I,パン,パン-pao,パン,名詞-普通名詞-一般,パン,31046
,I,かご,籠,カゴ,名詞-普通名詞-一般,カゴ,6336
,I,」,」,,補助記号-括弧閉,,34
,I,と,と,ト,助詞-格助詞,ト,25826
,I,も,も,モ,助詞-係助詞,モ,37562
,I,呼ば,呼ぶ,ヨブ,動詞-一般,ヨブ,39448
,I,れ,れる,レル,助動詞,レル,40741
,I,ます,ます,マス,助動詞,マス,35697
,I,。,。,,補助記号-句点,,25
,I,国旗,国旗,コッキ,名詞-普通名詞-一般,コッキ,12786
,I,の,の,ノ,助詞-格助詞,ノ,28989
,I,空色,空色,ソライロ,名詞-普通名詞-一般,ソライロ,58443
,I,・,・,,補助記号-一般,,44
,I,黄色,黄色,キイロ,名詞-普通名詞-一般,キイロ,8283
,I,の,の,ノ,助詞-格助詞,ノ,28989
,I,2,二,ニ,名詞-数詞,ニ,28181
,I,色,色,ショク,接尾辞-名詞的-一般,ショク,16916
,I,は,は,ハ,助詞-係助詞,ハ,29321
,I,、,、,,補助記号-読点,,24
,I,青空,青空,アオゾラ,名詞-普通名詞-一般,アオゾラ,282
,I,と,と,ト,助詞-格助詞,ト,25826
,I,小麦,小麦,コムギ,名詞-普通名詞-一般,コムギ,13021
,I,の,の,ノ,助詞-格助詞,ノ,28989
,I,黄色い,黄色い,キイロイ,形容詞-一般,キイロイ,8284
,I,畑,畑,ハタケ,名詞-普通名詞-一般,ハタケ,29768
,I,を,を,ヲ,助詞-格助詞,ヲ,41407
,I,表し,表わす,アラワス,動詞-一般,アラワス,1169
,I,て,て,テ,助詞-接続助詞,テ,24874
,I,い,居る,イル,動詞-非自立可能,イル,2585
,I,ます,ます,マス,助動詞,マス,35697
,I,。,。,,補助記号-句点,,25
,B,:n:　,　,,空白,,23
,I,今,今,イマ,名詞-普通名詞-副詞可能,イマ,2460
,I,の,の,ノ,助詞-格助詞,ノ,28989
,I,首都,首都,シュト,名詞-普通名詞-一般,シュト,16417
,I,キエフ,キエフ-Kiev,キエフ,名詞-固有名詞-地名-一般,キエフ,8299
,I,に,に,ニ,助詞-格助詞,ニ,28178
,I,生まれ,生まれる,ウマレル,動詞-一般,ウマレル,3379
,I,た,た,タ,助動詞,タ,21642
,I,「,「,,補助記号-括弧開,,33
,I,キエフ,キエフ-Kiev,キエフ,名詞-固有名詞-地名-一般,キエフ,8299
,I,公国,公国,コウコク,名詞-普通名詞-一般,コウコク,52832
,I,」,」,,補助記号-括弧閉,,34
,I,（,（,,補助記号-括弧開,,46
,I,キエフ,キエフ-Kiev,キエフ,名詞-固有名詞-地名-一般,キエフ,8299
,I,・,・,,補助記号-一般,,44
,I,ルーシ,ルーシ,ルーシ,名詞-固有名詞-一般,ルーシ,181907
,I,）,）,,補助記号-括弧閉,,49
,I,が,が,ガ,助詞-格助詞,ガ,7889
,I,1,一,イチ,名詞-数詞,イチ,2050
,I,0,ゼロ-zero,ゼロ,名詞-数詞,ゼロ,20754
,I,～,～,,補助記号-一般,,43
,I,1,一,イチ,名詞-数詞,イチ,2050
,I,2,二,ニ,名詞-数詞,ニ,28181
,I,世紀,世紀,セイキ,名詞-普通名詞-一般,セイキ,19737
,I,に,に,ニ,助詞-格助詞,ニ,28178
,I,欧州,オウシュウ-外国,オウシュウ,名詞-固有名詞-地名-一般,オウシュウ,4437
,I,の,の,ノ,助詞-格助詞,ノ,28989
,I,大国,大国,タイコク,名詞-普通名詞-一般,タイコク,21755
,I,と,と,ト,助詞-格助詞,ト,25826
,I,なり,成る,ナル,動詞-非自立可能,ナル,28061
,I,、,、,,補助記号-読点,,24
,I,同じ,同じ,オナジ,連体詞,オナジ,5118
,I,東,東,ヒガシ,名詞-普通名詞-一般,ヒガシ,31164
,I,スラブ,スラブ-slab,スラブ,名詞-普通名詞-一般,スラブ,83275
,I,民族,民族,ミンゾク,名詞-普通名詞-一般,ミンゾク,36962
,I,から,から,カラ,助詞-格助詞,カラ,7219
,I,なる,成る,ナル,動詞-非自立可能,ナル,28061
,I,ロシア,ロシア-Rossiya,ロシア,名詞-固有名詞-地名-国,ロシア,40961
,I,、,、,,補助記号-読点,,24
,I,ウクライナ,ウクライナ-Ukraina,ウクライナ,名詞-固有名詞-地名-国,ウクライナ,3060
,I,、,、,,補助記号-読点,,24
,I,ベラルーシ,ベラルーシ-Belarus,ベラルーシ,名詞-固有名詞-地名-国,ベラルーシ,34225
,I,の,の,ノ,助詞-格助詞,ノ,28989
,I,源流,源流,ゲンリュウ,名詞-普通名詞-一般,ゲンリュウ,11768
,I,に,に,ニ,助詞-格助詞,ニ,28178
,I,なり,成る,ナル,動詞-非自立可能,ナル,28061
,I,まし,ます,マス,助動詞,マス,35697
,I,た,た,タ,助動詞,タ,21642
,I,。,。,,補助記号-句点,,25
,I,ルーシ,ルーシ,ルーシ,名詞-固有名詞-一般,ルーシ,181907
,I,と,と,ト,助詞-格助詞,ト,25826
,I,は,は,ハ,助詞-係助詞,ハ,29321
,I,ロシア,ロシア-Rossiya,ロシア,名詞-固有名詞-地名-国,ロシア,40961
,I,の,の,ノ,助詞-格助詞,ノ,28989
,I,古い,古い,フルイ,形容詞-一般,フルイ,33148
,I,呼び,呼ぶ,ヨブ,動詞-一般,ヨブ,39448
,I,方,方,カタ,接尾辞-名詞的-一般,カタ,6596
,I,です,です,デス,助動詞,デス,25653
,I,。,。,,補助記号-句点,,25
,B,:n:写真,写真,シャシン,名詞-普通名詞-一般,シャシン,15925
,I,・,・,,補助記号-一般,,44
,I,図版,図版,ズハン,名詞-普通名詞-一般,ズハン,19645
,B,ウクライナ,ウクライナ-Ukraina,ウクライナ,名詞-固有名詞-地名-国,ウクライナ,3060
,I,の,の,ノ,助詞-格助詞,ノ,28989
,I,首都,首都,シュト,名詞-普通名詞-一般,シュト,16417
,I,キエフ,キエフ-Kiev,キエフ,名詞-固有名詞-地名-一般,キエフ,8299
,I,の,の,ノ,助詞-格助詞,ノ,28989
,I,街並み,町並み,マチナミ,名詞-普通名詞-一般,マチナミ,35775
,I,=,＝,,補助記号-一般,,55
,I,2,二,ニ,名詞-数詞,ニ,28181
,I,0,ゼロ-zero,ゼロ,名詞-数詞,ゼロ,20754
,I,1,一,イチ,名詞-数詞,イチ,2050
,I,9,九,キュウ,名詞-数詞,キュウ,8929
,I,年,年,ネン,名詞-普通名詞-助数詞可能,ネン,28927
,I,9,九,キュウ,名詞-数詞,キュウ,8929
,I,月,月,ガツ,名詞-普通名詞-助数詞可能,ガツ,8121
,I,2,二,ニ,名詞-数詞,ニ,28181
,I,2,二,ニ,名詞-数詞,ニ,28181
,I,日,日,ニチ,名詞-普通名詞-助数詞可能,ニチ,28375
,I,撮影,撮影,サツエイ,名詞-普通名詞-サ変可能,サツエイ,14261
,B,　,　,,空白,,23
,I,1,一,イチ,名詞-数詞,イチ,2050
,I,3,三,サン,名詞-数詞,サン,14499
,I,世紀,世紀,セイキ,名詞-普通名詞-一般,セイキ,19737
,I,の,の,ノ,助詞-格助詞,ノ,28989
,I,モンゴル,モンゴル-Mongol,モンゴル,名詞-固有名詞-地名-国,モンゴル,38038
,I,に,に,ニ,助詞-格助詞,ニ,28178
,I,よる,因る,ヨル,動詞-一般,ヨル,39521
,I,侵攻,侵攻,シンコウ,名詞-普通名詞-サ変可能,シンコウ,17316
,I,など,など,ナド,助詞-副助詞,ナド,27905
,I,で,で,デ,助詞-格助詞,デ,25518
,I,、,、,,補助記号-読点,,24
,I,キエフ,キエフ-Kiev,キエフ,名詞-固有名詞-地名-一般,キエフ,8299
,I,・,・,,補助記号-一般,,44
,I,ルーシ,ルーシ,ルーシ,名詞-固有名詞-一般,ルーシ,181907
,I,は,は,ハ,助詞-係助詞,ハ,29321
,I,衰退,衰退,スイタイ,名詞-普通名詞-サ変可能,スイタイ,18939
,I,。,。,,補助記号-句点,,25
,I,その,其の,ソノ,連体詞,ソノ,21394
,I,後,後,アト,名詞-普通名詞-副詞可能,アト,856
,I,に,に,ニ,助詞-格助詞,ニ,28178
,I,栄え,栄える,サカエル,動詞-一般,サカエル,13894
,I,た,た,タ,助動詞,タ,21642
,I,モスクワ,モスクワ-Moskva,モスクワ,名詞-固有名詞-地名-一般,モスクワ,37722
,I,が,が,ガ,助詞-格助詞,ガ,7889
,I,ロシア,ロシア-Rossiya,ロシア,名詞-固有名詞-地名-国,ロシア,40961
,I,を,を,ヲ,助詞-格助詞,ヲ,41407
,I,名乗り,名乗る,ナノル,動詞-一般,ナノル,27940
,I,、,、,,補助記号-読点,,24
,I,キエフ,キエフ-Kiev,キエフ,名詞-固有名詞-地名-一般,キエフ,8299
,I,・,・,,補助記号-一般,,44
,I,ルーシ,ルーシ,ルーシ,名詞-固有名詞-一般,ルーシ,181907
,I,を,を,ヲ,助詞-格助詞,ヲ,41407
,I,継ぐ,継ぐ,ツグ,動詞-一般,ツグ,24566
,I,国,国,クニ,名詞-普通名詞-一般,クニ,10282
,I,と,と,ト,助詞-格助詞,ト,25826
,I,称し,称する,ショウスル,動詞-一般,ショウスル,16730
,I,まし,ます,マス,助動詞,マス,35697
,I,た,た,タ,助動詞,タ,21642
,I,。,。,,補助記号-句点,,25
,I,ウクライナ,ウクライナ-Ukraina,ウクライナ,名詞-固有名詞-地名-国,ウクライナ,3060
,I,は,は,ハ,助詞-係助詞,ハ,29321
,I,東,東,ヒガシ,名詞-普通名詞-一般,ヒガシ,31164
,I,スラブ,スラブ-slab,スラブ,名詞-普通名詞-一般,スラブ,83275
,I,の,の,ノ,助詞-格助詞,ノ,28989
,I,本,本,ホン,接頭辞,ホン,34869
,I,家筋,家筋,イエスジ,名詞-普通名詞-一般,イエスジ,47641
,I,です,です,デス,助動詞,デス,25653
,I,が,が,ガ,助詞-接続助詞,ガ,7888
,I,、,、,,補助記号-読点,,24
,I,分家,分家,ブンケ,名詞-普通名詞-サ変可能,ブンケ,33570
,I,筋,筋,スジ,名詞-普通名詞-助数詞可能,スジ,19174
,I,の,の,ノ,助詞-格助詞,ノ,28989
,I,モスクワ,モスクワ-Moskva,モスクワ,名詞-固有名詞-地名-一般,モスクワ,37722
,I,が,が,ガ,助詞-格助詞,ガ,7889
,I,台頭,台頭,タイトウ,名詞-普通名詞-サ変可能,タイトウ,21870
,I,し,為る,スル,動詞-非自立可能,スル,19537
,I,て,て,テ,助詞-接続助詞,テ,24874
,I,大きく,大きい,オオキイ,形容詞-一般,オオキイ,4563
,I,なっ,成る,ナル,動詞-非自立可能,ナル,28061
,I,た,た,タ,助動詞,タ,21642
,I,、,、,,補助記号-読点,,24
,I,と,と,ト,助詞-格助詞,ト,25826
,I,とらえる,捕らえる,トラエル,動詞-一般,トラエル,26720
,I,こと,事,コト,名詞-普通名詞-一般,コト,12836
,I,も,も,モ,助詞-係助詞,モ,37562
,I,でき,出来る,デキル,動詞-非自立可能,デキル,25624
,I,ます,ます,マス,助動詞,マス,35697
,I,。,。,,補助記号-句点,,25
,B,:n:　,　,,空白,,23
,I,ウクライナ,ウクライナ-Ukraina,ウクライナ,名詞-固有名詞-地名-国,ウクライナ,3060
,I,の,の,ノ,助詞-格助詞,ノ,28989
,I,一帯,一帯,イッタイ,名詞-普通名詞-一般,イッタイ,2232
,I,は,は,ハ,助詞-係助詞,ハ,29321
,I,その,其の,ソノ,連体詞,ソノ,21394
,I,後,後,ゴ,名詞-普通名詞-副詞可能,ゴ,13329
,I,、,、,,補助記号-読点,,24
,I,さまざま,様々,サマザマ,形状詞-一般,サマザマ,14376
,I,な,だ,ダ,助動詞,ダ,22916
,I,大国,大国,タイコク,名詞-普通名詞-一般,タイコク,21755
,I,に,に,ニ,助詞-格助詞,ニ,28178
,I,支配,支配,シハイ,名詞-普通名詞-サ変可能,シハイ,15647
,I,さ,為る,スル,動詞-非自立可能,スル,19537
,I,れ,れる,レル,助動詞,レル,40741
,I,、,、,,補助記号-読点,,24
,I,1,一,イチ,名詞-数詞,イチ,2050
,I,9,九,キュウ,名詞-数詞,キュウ,8929
,I,2,二,ニ,名詞-数詞,ニ,28181
,I,2,二,ニ,名詞-数詞,ニ,28181
,I,年,年,ネン,名詞-普通名詞-助数詞可能,ネン,28927
,I,に,に,ニ,助詞-格助詞,ニ,28178
,I,ソビエト,ソビエト-Soviet,ソビエト,名詞-固有名詞-地名-国,ソビエト,21409
,I,社会,社会,シャカイ,名詞-普通名詞-一般,シャカイ,15869
,I,主義,主義,シュギ,名詞-普通名詞-一般,シュギ,16246
,I,共和,共和,キョウワ,名詞-普通名詞-一般,キョウワ,9351
,I,国,国,コク,接尾辞-名詞的-一般,コク,12504
,I,連邦,連邦,レンポウ,名詞-普通名詞-一般,レンポウ,40823
,I,（,（,,補助記号-括弧開,,46
,I,ソ連,ソ連,ソレン,名詞-固有名詞-地名-国,ソレン,21466
,I,）,）,,補助記号-括弧閉,,49
,I,が,が,ガ,助詞-格助詞,ガ,7889
,I,できる,出来る,デキル,動詞-非自立可能,デキル,25624
,I,と,と,ト,助詞-接続助詞,ト,25825
,I,、,、,,補助記号-読点,,24
,I,ソ連,ソ連,ソレン,名詞-固有名詞-地名-国,ソレン,21466
,I,を,を,ヲ,助詞-格助詞,ヲ,41407
,I,構成,構成,コウセイ,名詞-普通名詞-サ変可能,コウセイ,12169
,I,する,為る,スル,動詞-非自立可能,スル,19537
,I,共和,共和,キョウワ,名詞-普通名詞-一般,キョウワ,9351
,I,国,国,コク,接尾辞-名詞的-一般,コク,12504
,I,の,の,ノ,助詞-格助詞,ノ,28989
,I,一,一,ヒト,名詞-数詞,ヒト,31499
,I,つ,つ,ツ,接尾辞-名詞的-助数詞,ツ,24322
,I,と,と,ト,助詞-格助詞,ト,25826
,I,なり,成る,ナル,動詞-非自立可能,ナル,28061
,I,まし,ます,マス,助動詞,マス,35697
,I,た,た,タ,助動詞,タ,21642
,I,。,。,,補助記号-句点,,25
,I,3,三,サン,名詞-数詞,サン,14499
,I,0,ゼロ-zero,ゼロ,名詞-数詞,ゼロ,20754
,I,年,年,ネン,名詞-普通名詞-助数詞可能,ネン,28927
,I,代,代,ダイ,名詞-普通名詞-助数詞可能,ダイ,22925
,I,に,に,ニ,助詞-格助詞,ニ,28178
,I,は,は,ハ,助詞-係助詞,ハ,29321
,I,ソ連,ソ連,ソレン,名詞-固有名詞-地名-国,ソレン,21466
,I,の,の,ノ,助詞-格助詞,ノ,28989
,I,圧制,圧制,アッセイ,名詞-普通名詞-一般,アッセイ,46811
,I,下,下,カ,接尾辞-名詞的-副詞可能,カ,5572
,I,で,で,デ,助詞-格助詞,デ,25518
,I,大,大,ダイ,接頭辞,ダイ,22935
,I,飢饉,飢饉,キキン,名詞-普通名詞-一般,キキン,42766
,I,（,（,,補助記号-括弧開,,46
,I,ききん,飢饉,キキン,名詞-普通名詞-一般,キキン,42766
,I,）,）,,補助記号-括弧閉,,49
,I,が,が,ガ,助詞-格助詞,ガ,7889
,I,起き,起きる,オキル,動詞-一般,オキル,4799
,I,、,、,,補助記号-読点,,24
,I,数百,数百,スウヒャク,名詞-数詞,スウヒャク,19012
,I,万,万,マン,名詞-数詞,マン,36123
,I,人,人,ニン,接尾辞-名詞的-一般,ニン,28632
,I,が,が,ガ,助詞-格助詞,ガ,7889
,I,亡くなっ,亡くなる,ナクナル,動詞-一般,ナクナル,27781
,I,た,た,タ,助動詞,タ,21642
,I,と,と,ト,助詞-格助詞,ト,25826
,I,言わ,言う,イウ,動詞-一般,イウ,1571
,I,れ,れる,レル,助動詞,レル,40741
,I,て,て,テ,助詞-接続助詞,テ,24874
,I,い,居る,イル,動詞-非自立可能,イル,2585
,I,ます,ます,マス,助動詞,マス,35697
,I,。,。,,補助記号-句点,,25
,B,:n:　,　,,空白,,23
,I,8,八,ハチ,名詞-数詞,ハチ,29802
,I,6,六,ロク,名詞-数詞,ロク,40932
,I,年,年,ネン,名詞-普通名詞-助数詞可能,ネン,28927
,I,に,に,ニ,助詞-格助詞,ニ,28178
,I,は,は,ハ,助詞-係助詞,ハ,29321
,I,キエフ,キエフ-Kiev,キエフ,名詞-固有名詞-地名-一般,キエフ,8299
,I,の,の,ノ,助詞-格助詞,ノ,28989
,I,北,北,キタ,名詞-普通名詞-一般,キタ,8587
,I,約,約,ヤク,接頭辞,ヤク,38151
,I,1,一,イチ,名詞-数詞,イチ,2050
,I,1,一,イチ,名詞-数詞,イチ,2050
,I,0,ゼロ-zero,ゼロ,名詞-数詞,ゼロ,20754
,I,キロ,キロ-kilo,キロ,名詞-普通名詞-助数詞可能,キロ,9571
,I,に,に,ニ,助詞-格助詞,ニ,28178
,I,ある,有る,アル,動詞-非自立可能,アル,1216
,I,チェルノブイリ,チェルノブイリ-Chernobyl,チェルノブイリ,名詞-固有名詞-地名-一般,チェルノブイリ,23408
,I,原発,原発,ゲンパツ,名詞-普通名詞-一般,ゲンパツ,11747
,I,で,で,デ,助詞-格助詞,デ,25518
,I,事故,事故,ジコ,名詞-普通名詞-一般,ジコ,17817
,I,が,が,ガ,助詞-格助詞,ガ,7889
,I,起き,起きる,オキル,動詞-一般,オキル,4799
,I,、,、,,補助記号-読点,,24
,I,広い,広い,ヒロイ,形容詞-一般,ヒロイ,31873
,I,範囲,範囲,ハンイ,名詞-普通名詞-一般,ハンイ,30315
,I,の,の,ノ,助詞-格助詞,ノ,28989
,I,人,人,ヒト,名詞-普通名詞-一般,ヒト,31500
,I,たち,達,タチ,接尾辞-名詞的-一般,タチ,22373
,I,に,に,ニ,助詞-格助詞,ニ,28178
,I,深刻,深刻,シンコク,形状詞-一般,シンコク,17330
,I,な,だ,ダ,助動詞,ダ,22916
,I,健康,健康,ケンコウ,名詞-普通名詞-形状詞可能,ケンコウ,11312
,I,被害,被害,ヒガイ,名詞-普通名詞-一般,ヒガイ,31162
,I,を,を,ヲ,助詞-格助詞,ヲ,41407
,I,もたらし,齎す,モタラス,動詞-一般,モタラス,37734
,I,まし,ます,マス,助動詞,マス,35697
,I,た,た,タ,助動詞,タ,21642
,I,。,。,,補助記号-句点,,25
,I,ソ連,ソ連,ソレン,名詞-固有名詞-地名-国,ソレン,21466
,I,が,が,ガ,助詞-格助詞,ガ,7889
,I,崩壊,崩壊,ホウカイ,名詞-普通名詞-サ変可能,ホウカイ,34402
,I,し,為る,スル,動詞-非自立可能,スル,19537
,I,た,た,タ,助動詞,タ,21642
,I,9,九,キュウ,名詞-数詞,キュウ,8929
,I,1,一,イチ,名詞-数詞,イチ,2050
,I,年,年,ネン,名詞-普通名詞-助数詞可能,ネン,28927
,I,に,に,ニ,助詞-格助詞,ニ,28178
,I,独立,独立,ドクリツ,名詞-普通名詞-サ変形状詞可能,ドクリツ,27246
,I,を,を,ヲ,助詞-格助詞,ヲ,41407
,I,宣言,宣言,センゲン,名詞-普通名詞-サ変可能,センゲン,20442
,I,。,。,,補助記号-句点,,25
,I,その,其の,ソノ,連体詞,ソノ,21394
,I,後,後,ゴ,名詞-普通名詞-副詞可能,ゴ,13329
,I,、,、,,補助記号-読点,,24
,I,国内,国内,コクナイ,名詞-普通名詞-一般,コクナイ,12558
,I,で,で,デ,助詞-格助詞,デ,25518
,I,は,は,ハ,助詞-係助詞,ハ,29321
,I,親,親,オヤ,名詞-普通名詞-一般,オヤ,5295
,I,ロシア,ロシア-Rossiya,ロシア,名詞-固有名詞-地名-国,ロシア,40961
,I,派,派,ハ,接尾辞-名詞的-一般,ハ,29329
,I,と,と,ト,助詞-格助詞,ト,25826
,I,親,親,オヤ,名詞-普通名詞-一般,オヤ,5295
,I,欧米,欧米,オウベイ,名詞-普通名詞-一般,オウベイ,4486
,I,派,派,ハ,接尾辞-名詞的-一般,ハ,29329
,I,が,が,ガ,助詞-格助詞,ガ,7889
,I,対立,対立,タイリツ,名詞-普通名詞-サ変可能,タイリツ,21954
,I,を,を,ヲ,助詞-格助詞,ヲ,41407
,I,続け,続ける,ツヅケル,動詞-非自立可能,ツヅケル,24649
,I,て,て,テ,助詞-接続助詞,テ,24874
,I,き,来る,クル,動詞-非自立可能,クル,10518
,I,まし,ます,マス,助動詞,マス,35697
,I,た,た,タ,助動詞,タ,21642
,I,。,。,,補助記号-句点,,25
,B,:n:　,　,,空白,,23
,I,ロシア,ロシア-Rossiya,ロシア,名詞-固有名詞-地名-国,ロシア,40961
,I,系,系,ケイ,接尾辞-名詞的-一般,ケイ,10879
,I,の,の,ノ,助詞-格助詞,ノ,28989
,I,住民,住民,ジュウミン,名詞-普通名詞-一般,ジュウミン,18241
,I,が,が,ガ,助詞-格助詞,ガ,7889
,I,2,二,ニ,名詞-数詞,ニ,28181
,I,割,割,ワリ,名詞-普通名詞-助数詞可能,ワリ,41343
,I,ほど,ほど,ホド,助詞-副助詞,ホド,34770
,I,い,居る,イル,動詞-非自立可能,イル,2585
,I,ます,ます,マス,助動詞,マス,35697
,I,。,。,,補助記号-句点,,25
,I,ウクライナ,ウクライナ-Ukraina,ウクライナ,名詞-固有名詞-地名-国,ウクライナ,3060
,I,語,語,ゴ,名詞-普通名詞-一般,ゴ,13334
,I,が,が,ガ,助詞-格助詞,ガ,7889
,I,国家,国家,コッカ,名詞-普通名詞-一般,コッカ,12780
,I,語,語,ゴ,名詞-普通名詞-一般,ゴ,13334
,I,と,と,ト,助詞-格助詞,ト,25826
,I,さ,為る,スル,動詞-非自立可能,スル,19537
,I,れ,れる,レル,助動詞,レル,40741
,I,て,て,テ,助詞-接続助詞,テ,24874
,I,い,居る,イル,動詞-非自立可能,イル,2585
,I,ます,ます,マス,助動詞,マス,35697
,I,が,が,ガ,助詞-接続助詞,ガ,7888
,I,、,、,,補助記号-読点,,24
,I,ロシア,ロシア-Rossiya,ロシア,名詞-固有名詞-地名-国,ロシア,40961
,I,語,語,ゴ,名詞-普通名詞-一般,ゴ,13334
,I,を,を,ヲ,助詞-格助詞,ヲ,41407
,I,話す,話す,ハナス,動詞-一般,ハナス,29989
,I,人,人,ヒト,名詞-普通名詞-一般,ヒト,31500
,I,も,も,モ,助詞-係助詞,モ,37562
,I,多く,多い,オオイ,形容詞-一般,オオイ,4515
,I,い,居る,イル,動詞-非自立可能,イル,2585
,I,ます,ます,マス,助動詞,マス,35697
,I,。,。,,補助記号-句点,,25
,I,文法,文法,ブンポウ,名詞-普通名詞-一般,ブンポウ,33645
,I,的,的,テキ,接尾辞-形状詞的,テキ,25076
,I,に,だ,ダ,助動詞,ダ,22916
,I,は,は,ハ,助詞-係助詞,ハ,29321
,I,似,似る,ニル,動詞-一般,ニル,28618
,I,て,て,テ,助詞-接続助詞,テ,24874
,I,い,居る,イル,動詞-非自立可能,イル,2585
,I,ます,ます,マス,助動詞,マス,35697
,I,が,が,ガ,助詞-接続助詞,ガ,7888
,I,、,、,,補助記号-読点,,24
,I,語彙,語彙,ゴイ,名詞-普通名詞-一般,ゴイ,13337
,I,（,（,,補助記号-括弧開,,46
,I,ごい,ごい,ゴイ,副詞,ゴイ,268494
,I,）,）,,補助記号-括弧閉,,49
,I,に,に,ニ,助詞-格助詞,ニ,28178
,I,違い,違い,チガイ,名詞-普通名詞-一般,チガイ,23449
,I,が,が,ガ,助詞-格助詞,ガ,7889
,I,あり,有る,アル,動詞-非自立可能,アル,1216
,I,ます,ます,マス,助動詞,マス,35697
,I,。,。,,補助記号-句点,,25
,B,:n::n:【,【,,補助記号-括弧開,,37
,I,4,四,ヨン,名詞-数詞,ヨン,39551
,I,0,ゼロ-zero,ゼロ,名詞-数詞,ゼロ,20754
,I,秒,秒,ビョウ,名詞-普通名詞-助数詞可能,ビョウ,32077
,I,で,で,デ,助詞-格助詞,デ,25518
,I,わかる,分かる,ワカル,動詞-一般,ワカル,41180
,I,動画,動画,ドウガ,名詞-普通名詞-一般,ドウガ,27000
,I,】,】,,補助記号-括弧閉,,38
,I,ウクライナ,ウクライナ-Ukraina,ウクライナ,名詞-固有名詞-地名-国,ウクライナ,3060
,I,って,って,ッテ,助詞-副助詞,ッテ,24319
,I,どんな,どんな,ドンナ,連体詞,ドンナ,27414
,I,国,国,クニ,名詞-普通名詞-一般,クニ,10282
,I,？,？,,補助記号-句点,,57
,B,ゼレンスキー,ゼレンスキー,ゼレンスキー,名詞-固有名詞-人名-姓,ゼレンスキー,367438
,I,氏,氏,シ,接尾辞-名詞的-一般,シ,14945
,I,、,、,,補助記号-読点,,24
,I,なぜ,何故,ナゼ,副詞,ナゼ,27841
,I,T,Ｔ,ティー,記号-文字,ティー,24900
,I,シャツ,シャツ-shirt,シャツ,名詞-普通名詞-一般,シャツ,15953
,I,姿,姿,スガタ,名詞-普通名詞-一般,スガタ,19061
,I,？,？,,補助記号-句点,,57
,I,　,　,,空白,,23
,I,保安,保安,ホアン,名詞-普通名詞-一般,ホアン,34364
,I,庁,庁,チョウ,接尾辞-名詞的-一般,チョウ,23939
,I,幹部,幹部,カンブ,名詞-普通名詞-一般,カンブ,7792
,I,が,が,ガ,助詞-格助詞,ガ,7889
,I,語っ,語る,カタル,動詞-一般,カタル,6689
,I,た,た,タ,助動詞,タ,21642
,I,情報,情報,ジョウホウ,名詞-普通名詞-一般,ジョウホウ,18630
,I,戦,戦,セン,接尾辞-名詞的-一般,セン,20379
,I,の,の,ノ,助詞-格助詞,ノ,28989
,I,教訓,教訓,キョウクン,名詞-普通名詞-サ変可能,キョウクン,9196
,B,「,「,,補助記号-括弧開,,33
,I,降伏,降伏,コウフク,名詞-普通名詞-サ変可能,コウフク,12348
,I,と,と,ト,助詞-格助詞,ト,25826
,I,は,は,ハ,助詞-係助詞,ハ,29321
,I,ロシア,ロシア-Rossiya,ロシア,名詞-固有名詞-地名-国,ロシア,40961
,I,の,の,ノ,助詞-格助詞,ノ,28989
,I,人々,人々,ヒトビト,名詞-普通名詞-一般,ヒトビト,31560
,I,に,に,ニ,助詞-格助詞,ニ,28178
,I,なる,成る,ナル,動詞-非自立可能,ナル,28061
,I,こと,事,コト,名詞-普通名詞-一般,コト,12836
,I,」,」,,補助記号-括弧閉,,34
,I,ウクライナ,ウクライナ-Ukraina,ウクライナ,名詞-固有名詞-地名-国,ウクライナ,3060
,I,国民,国民,コクミン,名詞-普通名詞-一般,コクミン,12579
,I,的,的,テキ,接尾辞-形状詞的,テキ,25076
,I,作家,作家,サッカ,名詞-普通名詞-一般,サッカ,14226
,I,の,の,ノ,助詞-格助詞,ノ,28989
,I,寄稿,寄稿,キコウ,名詞-普通名詞-サ変可能,キコウ,8432
,I,全文,全文,ゼンブン,名詞-普通名詞-一般,ゼンブン,20886
,B,Q,Ｑ,キュー,記号-文字,キュー,9113
,I,　,　,,空白,,23
,I,ロシア,ロシア-Rossiya,ロシア,名詞-固有名詞-地名-国,ロシア,40961
,I,は,は,ハ,助詞-係助詞,ハ,29321
,I,なぜ,何故,ナゼ,副詞,ナゼ,27841
,I,ウクライナ,ウクライナ-Ukraina,ウクライナ,名詞-固有名詞-地名-国,ウクライナ,3060
,I,を,を,ヲ,助詞-格助詞,ヲ,41407
,I,攻撃,攻撃,コウゲキ,名詞-普通名詞-サ変可能,コウゲキ,12009
,I,し,為る,スル,動詞-非自立可能,スル,19537
,I,た,た,タ,助動詞,タ,21642
,I,の,の,ノ,助詞-準体助詞,ノ,28990
,I,か,か,カ,助詞-終助詞,カ,5569
,I,？,？,,補助記号-句点,,57
,B,A,Ａ,エー,記号-文字,エー,4296
,I,　,　,,空白,,23
,I,ロシア,ロシア-Rossiya,ロシア,名詞-固有名詞-地名-国,ロシア,40961
,I,に,に,ニ,助詞-格助詞,ニ,28178
,I,よる,因る,ヨル,動詞-一般,ヨル,39521
,I,ウクライナ,ウクライナ-Ukraina,ウクライナ,名詞-固有名詞-地名-国,ウクライナ,3060
,I,へ,へ,ヘ,助詞-格助詞,ヘ,33819
,I,の,の,ノ,助詞-格助詞,ノ,28989
,I,軍事,軍事,グンジ,名詞-普通名詞-一般,グンジ,10839
,I,侵攻,侵攻,シンコウ,名詞-普通名詞-サ変可能,シンコウ,17316
,I,は,は,ハ,助詞-係助詞,ハ,29321
,I,、,、,,補助記号-読点,,24
,I,ウクライナ,ウクライナ-Ukraina,ウクライナ,名詞-固有名詞-地名-国,ウクライナ,3060
,I,側,側,ガワ,名詞-普通名詞-一般,ガワ,8181
,I,の,の,ノ,助詞-格助詞,ノ,28989
,I,激しい,激しい,ハゲシイ,形容詞-一般,ハゲシイ,29639
,I,抵抗,抵抗,テイコウ,名詞-普通名詞-サ変可能,テイコウ,24971
,I,だけ,だけ,ダケ,助詞-副助詞,ダケ,23122
,I,で,だ,ダ,助動詞,ダ,22916
,I,なく,無い,ナイ,形容詞-非自立可能,ナイ,27442
,I,、,、,,補助記号-読点,,24
,I,欧米,欧米,オウベイ,名詞-普通名詞-一般,オウベイ,4486
,I,諸国,諸国,ショコク,名詞-普通名詞-一般,ショコク,16976
,I,を,を,ヲ,助詞-格助詞,ヲ,41407
,I,はじめ,始め,ハジメ,名詞-普通名詞-副詞可能,ハジメ,29728
,I,と,と,ト,助詞-格助詞,ト,25826
,I,する,為る,スル,動詞-非自立可能,スル,19537
,I,国際,国際,コクサイ,名詞-普通名詞-一般,コクサイ,12524
,I,社会,社会,シャカイ,名詞-普通名詞-一般,シャカイ,15869
,I,の,の,ノ,助詞-格助詞,ノ,28989
,I,強烈,強烈,キョウレツ,形状詞-一般,キョウレツ,9349
,I,な,だ,ダ,助動詞,ダ,22916
,I,反発,反発,ハンパツ,名詞-普通名詞-サ変可能,ハンパツ,30439
,I,を,を,ヲ,助詞-格助詞,ヲ,41407
,I,招き,招く,マネク,動詞-一般,マネク,35958
,I,まし,ます,マス,助動詞,マス,35697
,I,た,た,タ,助動詞,タ,21642
,I,。,。,,補助記号-句点,,25
,I,ロシア,ロシア-Rossiya,ロシア,名詞-固有名詞-地名-国,ロシア,40961
,I,は,は,ハ,助詞-係助詞,ハ,29321
,I,世界,世界,セカイ,名詞-普通名詞-一般,セカイ,20054
,I,から,から,カラ,助詞-格助詞,カラ,7219
,I,孤立,孤立,コリツ,名詞-普通名詞-サ変可能,コリツ,13080
,I,し,為る,スル,動詞-非自立可能,スル,19537
,I,、,、,,補助記号-読点,,24
,I,経済,経済,ケイザイ,名詞-普通名詞-一般,ケイザイ,10945
,I,制裁,制裁,セイサイ,名詞-普通名詞-サ変可能,セイサイ,19793
,I,で,で,デ,助詞-格助詞,デ,25518
,I,大きな,大きな,オオキナ,連体詞,オオキナ,4564
,I,打撃,打撃,ダゲキ,名詞-普通名詞-一般,ダゲキ,23125
,I,を,を,ヲ,助詞-格助詞,ヲ,41407
,I,受け,受ける,ウケル,動詞-一般,ウケル,3089
,I,て,て,テ,助詞-接続助詞,テ,24874
,I,い,居る,イル,動詞-非自立可能,イル,2585
,I,ます,ます,マス,助動詞,マス,35697
,I,。,。,,補助記号-句点,,25
,B,:n:　,　,,空白,,23
,I,こう,こう,コウ,副詞,コウ,11822
,I,し,為る,スル,動詞-非自立可能,スル,19537
,I,た,た,タ,助動詞,タ,21642
,I,大きな,大きな,オオキナ,連体詞,オオキナ,4564
,I,痛手,痛手,イタデ,名詞-普通名詞-一般,イタデ,2015
,I,を,を,ヲ,助詞-格助詞,ヲ,41407
,I,負う,負う,オウ,動詞-一般,オウ,4395
,I,と,と,ト,助詞-接続助詞,ト,25825
,I,知り,知る,シル,動詞-一般,シル,17162
,I,ながら,ながら,ナガラ,助詞-接続助詞,ナガラ,27743
,I,、,、,,補助記号-読点,,24
,I,ロシア,ロシア-Rossiya,ロシア,名詞-固有名詞-地名-国,ロシア,40961
,I,は,は,ハ,助詞-係助詞,ハ,29321
,I,なぜ,何故,ナゼ,副詞,ナゼ,27841
,I,、,、,,補助記号-読点,,24
,I,言語,言語,ゲンゴ,名詞-普通名詞-一般,ゲンゴ,11660
,I,や,や,ヤ,助詞-副助詞,ヤ,38083
,I,文化,文化,ブンカ,名詞-普通名詞-一般,ブンカ,33550
,I,が,が,ガ,助詞-格助詞,ガ,7889
,I,極めて,極めて,キワメテ,副詞,キワメテ,9594
,I,近い,近い,チカイ,形容詞-一般,チカイ,23426
,I,「,「,,補助記号-括弧開,,33
,I,兄弟,兄弟,キョウダイ,名詞-普通名詞-一般,キョウダイ,9278
,I,国,国,コク,接尾辞-名詞的-一般,コク,12504
,I,」,」,,補助記号-括弧閉,,34
,I,の,の,ノ,助詞-格助詞,ノ,28989
,I,ウクライナ,ウクライナ-Ukraina,ウクライナ,名詞-固有名詞-地名-国,ウクライナ,3060
,I,へ,へ,ヘ,助詞-格助詞,ヘ,33819
,I,の,の,ノ,助詞-格助詞,ノ,28989
,I,攻撃,攻撃,コウゲキ,名詞-普通名詞-サ変可能,コウゲキ,12009
,I,に,に,ニ,助詞-格助詞,ニ,28178
,I,踏み切っ,踏み切る,フミキル,動詞-一般,フミキル,33003
,I,た,た,タ,助動詞,タ,21642
,I,の,の,ノ,助詞-準体助詞,ノ,28990
,I,でしょう,です,デス,助動詞,デス,25653
,I,か,か,カ,助詞-終助詞,カ,5569
,I,。,。,,補助記号-句点,,25
,B,:n:写真,写真,シャシン,名詞-普通名詞-一般,シャシン,15925
,I,・,・,,補助記号-一般,,44
,I,図版,図版,ズハン,名詞-普通名詞-一般,ズハン,19645
,B,ロシア,ロシア-Rossiya,ロシア,名詞-固有名詞-地名-国,ロシア,40961
,I,軍,軍,グン,名詞-普通名詞-一般,グン,10829
,I,が,が,ガ,助詞-格助詞,ガ,7889
,I,進軍,進軍,シングン,名詞-普通名詞-サ変可能,シングン,17306
,I,し,為る,スル,動詞-非自立可能,スル,19537
,I,た,た,タ,助動詞,タ,21642
,I,エリア,エリア-area,エリア,名詞-普通名詞-一般,エリア,4091
,I,は,は,ハ,助詞-係助詞,ハ,29321
,I,3,三,サン,名詞-数詞,サン,14499
,I,月,月,ガツ,名詞-普通名詞-助数詞可能,ガツ,8121
,I,2,二,ニ,名詞-数詞,ニ,28181
,I,3,三,サン,名詞-数詞,サン,14499
,I,日,日,ニチ,名詞-普通名詞-助数詞可能,ニチ,28375
,I,現在,現在,ゲンザイ,名詞-普通名詞-副詞可能,ゲンザイ,11666
,I,。,。,,補助記号-句点,,25
,I,米,米,ベイ,名詞-普通名詞-一般,ベイ,34102
,I,シンク,シンク-think,シンク,名詞-普通名詞-一般,シンク,17295
,I,タンク,タンク-tank,タンク,名詞-普通名詞-一般,タンク,22793
,I,「,「,,補助記号-括弧開,,33
,I,戦争,戦争,センソウ,名詞-普通名詞-サ変可能,センソウ,20543
,I,研究,研究,ケンキュウ,名詞-普通名詞-サ変可能,ケンキュウ,11295
,I,所,所,ショ,接尾辞-名詞的-一般,ショ,16523
,I,」,」,,補助記号-括弧閉,,34
,I,と,と,ト,助詞-格助詞,ト,25826
,I,「,「,,補助記号-括弧開,,33
,I,アメリカン,アメリカン-American,アメリカン,名詞-普通名詞-形状詞可能,アメリカン,1062
,I,・,・,,補助記号-一般,,44
,I,エンタープライズ,エンタープライズ-enterprise,エンタープライズ,名詞-普通名詞-一般,エンタープライズ,44064
,I,研究,研究,ケンキュウ,名詞-普通名詞-サ変可能,ケンキュウ,11295
,I,所,所,ショ,接尾辞-名詞的-一般,ショ,16523
,I,」,」,,補助記号-括弧閉,,34
,I,から,から,カラ,助詞-格助詞,カラ,7219
,I,。,。,,補助記号-句点,,25
,I,ロシア,ロシア-Rossiya,ロシア,名詞-固有名詞-地名-国,ロシア,40961
,I,軍,軍,グン,名詞-普通名詞-一般,グン,10829
,I,の,の,ノ,助詞-格助詞,ノ,28989
,I,侵攻,侵攻,シンコウ,名詞-普通名詞-サ変可能,シンコウ,17316
,I,は,は,ハ,助詞-係助詞,ハ,29321
,I,3,三,サン,名詞-数詞,サン,14499
,I,月,月,ガツ,名詞-普通名詞-助数詞可能,ガツ,8121
,I,2,二,ニ,名詞-数詞,ニ,28181
,I,2,二,ニ,名詞-数詞,ニ,28181
,I,日,日,ニチ,名詞-普通名詞-助数詞可能,ニチ,28375
,I,現在,現在,ゲンザイ,名詞-普通名詞-副詞可能,ゲンザイ,11666
,I,。,。,,補助記号-句点,,25
,I,ロチャン,,,名詞,,　
,I,・,・,,補助記号-一般,,44
,I,コンサルティング,コンサルティング-consulting,コンサルティング,名詞-普通名詞-一般,コンサルティング,88338
,I,から,から,カラ,助詞-格助詞,カラ,7219
,I,。,。,,補助記号-句点,,25
,I,ロシア,ロシア-Rossiya,ロシア,名詞-固有名詞-地名-国,ロシア,40961
,I,軍,軍,グン,名詞-普通名詞-一般,グン,10829
,I,の,の,ノ,助詞-格助詞,ノ,28989
,I,攻撃,攻撃,コウゲキ,名詞-普通名詞-サ変可能,コウゲキ,12009
,I,が,が,ガ,助詞-格助詞,ガ,7889
,I,確認,確認,カクニン,名詞-普通名詞-サ変可能,カクニン,6217
,I,さ,為る,スル,動詞-非自立可能,スル,19537
,I,れ,れる,レル,助動詞,レル,40741
,I,た,た,タ,助動詞,タ,21642
,I,場所,場所,バショ,名詞-普通名詞-一般,バショ,30633
,I,は,は,ハ,助詞-係助詞,ハ,29321
,I,3,三,サン,名詞-数詞,サン,14499
,I,月,月,ガツ,名詞-普通名詞-助数詞可能,ガツ,8121
,I,2,二,ニ,名詞-数詞,ニ,28181
,I,3,三,サン,名詞-数詞,サン,14499
,I,日,日,ニチ,名詞-普通名詞-助数詞可能,ニチ,28375
,I,現在,現在,ゲンザイ,名詞-普通名詞-副詞可能,ゲンザイ,11666
,I,。,。,,補助記号-句点,,25
,I,英,英,エイ,名詞-普通名詞-一般,エイ,3629
,I,国防,国防,コクボウ,名詞-普通名詞-一般,コクボウ,12578
,I,省,省,ショウ,接尾辞-名詞的-一般,ショウ,16556
,I,の,の,ノ,助詞-格助詞,ノ,28989
,I,公表,公表,コウヒョウ,名詞-普通名詞-サ変可能,コウヒョウ,12337
,I,データ,データ-data,データ,名詞-普通名詞-一般,データ,25819
,I,から,から,カラ,助詞-格助詞,カラ,7219
,B,　,　,,空白,,23
,I,「,「,,補助記号-括弧開,,33
,I,ロシア,ロシア-Rossiya,ロシア,名詞-固有名詞-地名-国,ロシア,40961
,I,、,、,,補助記号-読点,,24
,I,そして,そして,ソシテ,接続詞,ソシテ,21297
,I,国民,国民,コクミン,名詞-普通名詞-一般,コクミン,12579
,I,を,を,ヲ,助詞-格助詞,ヲ,41407
,I,守る,守る,マモル,動詞-一般,マモル,36011
,I,に,に,ニ,助詞-格助詞,ニ,28178
,I,は,は,ハ,助詞-係助詞,ハ,29321
,I,ほか,他,ホカ,名詞-普通名詞-副詞可能,ホカ,34603
,I,に,に,ニ,助詞-格助詞,ニ,28178
,I,方法,方法,ホウホウ,名詞-普通名詞-一般,ホウホウ,34563
,I,が,が,ガ,助詞-格助詞,ガ,7889
,I,なかっ,無い,ナイ,形容詞-非自立可能,ナイ,27442
,I,た,た,タ,助動詞,タ,21642
,I,」,」,,補助記号-括弧閉,,34
,I,。,。,,補助記号-句点,,25
,I,ロシア,ロシア-Rossiya,ロシア,名詞-固有名詞-地名-国,ロシア,40961
,I,の,の,ノ,助詞-格助詞,ノ,28989
,I,プーチン,プーチン-Putin,プーチン,名詞-固有名詞-人名-一般,プーチン,87774
,I,大統領,大統領,ダイトウリョウ,名詞-普通名詞-一般,ダイトウリョウ,23043
,I,は,は,ハ,助詞-係助詞,ハ,29321
,I,2,二,ニ,名詞-数詞,ニ,28181
,I,月,月,ガツ,名詞-普通名詞-助数詞可能,ガツ,8121
,I,2,二,ニ,名詞-数詞,ニ,28181
,I,4,四,ヨン,名詞-数詞,ヨン,39551
,I,日,日,カ,接尾辞-名詞的-助数詞,カ,5582
,I,、,、,,補助記号-読点,,24
,I,攻撃,攻撃,コウゲキ,名詞-普通名詞-サ変可能,コウゲキ,12009
,I,開始,開始,カイシ,名詞-普通名詞-サ変可能,カイシ,5736
,I,を,を,ヲ,助詞-格助詞,ヲ,41407
,I,宣言,宣言,センゲン,名詞-普通名詞-サ変可能,センゲン,20442
,I,する,為る,スル,動詞-非自立可能,スル,19537
,I,演説,演説,エンゼツ,名詞-普通名詞-サ変可能,エンゼツ,4225
,I,で,で,デ,助詞-格助詞,デ,25518
,I,そう,そう,ソウ,副詞,ソウ,20935
,I,述べ,述べる,ノベル,動詞-一般,ノベル,29195
,I,まし,ます,マス,助動詞,マス,35697
,I,た,た,タ,助動詞,タ,21642
,I,。,。,,補助記号-句点,,25
,I,親,親,オヤ,名詞-普通名詞-一般,オヤ,5295
,I,ロシア,ロシア-Rossiya,ロシア,名詞-固有名詞-地名-国,ロシア,40961
,I,派,派,ハ,接尾辞-名詞的-一般,ハ,29329
,I,の,の,ノ,助詞-格助詞,ノ,28989
,I,組織,組織,ソシキ,名詞-普通名詞-サ変可能,ソシキ,21295
,I,が,が,ガ,助詞-格助詞,ガ,7889
,I,占拠,占拠,センキョ,名詞-普通名詞-サ変可能,センキョ,20415
,I,し,為る,スル,動詞-非自立可能,スル,19537
,I,て,て,テ,助詞-接続助詞,テ,24874
,I,いる,居る,イル,動詞-非自立可能,イル,2585
,I,ウクライナ,ウクライナ-Ukraina,ウクライナ,名詞-固有名詞-地名-国,ウクライナ,3060
,I,東部,東部,トウブ,名詞-普通名詞-一般,トウブ,26125
,I,で,で,デ,助詞-格助詞,デ,25518
,I,、,、,,補助記号-読点,,24
,I,ロシア,ロシア-Rossiya,ロシア,名詞-固有名詞-地名-国,ロシア,40961
,I,系,系,ケイ,接尾辞-名詞的-一般,ケイ,10879
,I,の,の,ノ,助詞-格助詞,ノ,28989
,I,住民,住民,ジュウミン,名詞-普通名詞-一般,ジュウミン,18241
,I,を,を,ヲ,助詞-格助詞,ヲ,41407
,I,ウクライナ,ウクライナ-Ukraina,ウクライナ,名詞-固有名詞-地名-国,ウクライナ,3060
,I,軍,軍,グン,名詞-普通名詞-一般,グン,10829
,I,の,の,ノ,助詞-格助詞,ノ,28989
,I,攻撃,攻撃,コウゲキ,名詞-普通名詞-サ変可能,コウゲキ,12009
,I,から,から,カラ,助詞-格助詞,カラ,7219
,I,守り,守る,マモル,動詞-一般,マモル,36011
,I,、,、,,補助記号-読点,,24
,I,ロシア,ロシア-Rossiya,ロシア,名詞-固有名詞-地名-国,ロシア,40961
,I,に,に,ニ,助詞-格助詞,ニ,28178
,I,対する,対する,タイスル,動詞-一般,タイスル,21823
,I,欧米,欧米,オウベイ,名詞-普通名詞-一般,オウベイ,4486
,I,の,の,ノ,助詞-格助詞,ノ,28989
,I,脅威,脅威,キョウイ,名詞-普通名詞-一般,キョウイ,9153
,I,に,に,ニ,助詞-格助詞,ニ,28178
,I,対抗,対抗,タイコウ,名詞-普通名詞-サ変可能,タイコウ,21750
,I,する,為る,スル,動詞-非自立可能,スル,19537
,I,と,と,ト,助詞-格助詞,ト,25826
,I,いう,言う,イウ,動詞-一般,イウ,1571
,I,「,「,,補助記号-括弧開,,33
,I,正当,正当,セイトウ,名詞-普通名詞-形状詞可能,セイトウ,19933
,I,防衛,防衛,ボウエイ,名詞-普通名詞-サ変可能,ボウエイ,35036
,I,」,」,,補助記号-括弧閉,,34
,I,の,の,ノ,助詞-格助詞,ノ,28989
,I,主張,主張,シュチョウ,名詞-普通名詞-サ変可能,シュチョウ,16338
,I,です,です,デス,助動詞,デス,25653
,I,。,。,,補助記号-句点,,25
,B,:n:　,　,,空白,,23
,I,ロシア,ロシア-Rossiya,ロシア,名詞-固有名詞-地名-国,ロシア,40961
,I,は,は,ハ,助詞-係助詞,ハ,29321
,I,、,、,,補助記号-読点,,24
,I,東西,東西,トウザイ,名詞-普通名詞-一般,トウザイ,25980
,I,冷戦,冷戦,レイセン,名詞-普通名詞-一般,レイセン,40602
,I,の,の,ノ,助詞-格助詞,ノ,28989
,I,時代,時代,ジダイ,名詞-普通名詞-一般,ジダイ,17915
,I,から,から,カラ,助詞-格助詞,カラ,7219
,I,の,の,ノ,助詞-格助詞,ノ,28989
,I,西側,西側,ニシガワ,名詞-普通名詞-一般,ニシガワ,28302
,I,諸国,諸国,ショコク,名詞-普通名詞-一般,ショコク,16976
,I,の,の,ノ,助詞-格助詞,ノ,28989
,I,軍事,軍事,グンジ,名詞-普通名詞-一般,グンジ,10839
,I,同盟,同盟,ドウメイ,名詞-普通名詞-サ変可能,ドウメイ,27163
,I,で,だ,ダ,助動詞,ダ,22916
,I,ある,有る,アル,動詞-非自立可能,アル,1216
,I,北,北,キタ,名詞-普通名詞-一般,キタ,8587
,I,大西,タイセイ-外国,タイセイ,名詞-固有名詞-地名-一般,タイセイ,21832
,I,洋,洋,ヨウ,接尾辞-名詞的-一般,ヨウ,39004
,I,条約,条約,ジョウヤク,名詞-普通名詞-一般,ジョウヤク,18639
,I,機構,機構,キコウ,名詞-普通名詞-一般,キコウ,8436
,I,（,（,,補助記号-括弧開,,46
,I,N,Ｎ,エヌ,記号-文字,エヌ,3936
,I,A,Ａ,エー,記号-文字,エー,4296
,I,T,Ｔ,ティー,記号-文字,ティー,24900
,I,O,Ｏ,オー,記号-文字,オー,5486
,I,）,）,,補助記号-括弧閉,,49
,I,が,が,ガ,助詞-格助詞,ガ,7889
,I,自分,自分,ジブン,名詞-普通名詞-一般,ジブン,18036
,I,たち,達,タチ,接尾辞-名詞的-一般,タチ,22373
,I,を,を,ヲ,助詞-格助詞,ヲ,41407
,I,敵,敵,テキ,名詞-普通名詞-一般,テキ,25074
,I,と,と,ト,助詞-格助詞,ト,25826
,I,みなし,見なす,ミナス,動詞-一般,ミナス,36690
,I,て,て,テ,助詞-接続助詞,テ,24874
,I,き,来る,クル,動詞-非自立可能,クル,10518
,I,た,た,タ,助動詞,タ,21642
,I,、,、,,補助記号-読点,,24
,I,と,と,ト,助詞-格助詞,ト,25826
,I,主張,主張,シュチョウ,名詞-普通名詞-サ変可能,シュチョウ,16338
,I,し,為る,スル,動詞-非自立可能,スル,19537
,I,て,て,テ,助詞-接続助詞,テ,24874
,I,き,来る,クル,動詞-非自立可能,クル,10518
,I,まし,ます,マス,助動詞,マス,35697
,I,た,た,タ,助動詞,タ,21642
,I,。,。,,補助記号-句点,,25
,B,:n:写真,写真,シャシン,名詞-普通名詞-一般,シャシン,15925
,I,・,・,,補助記号-一般,,44
,I,図版,図版,ズハン,名詞-普通名詞-一般,ズハン,19645
,B,ウクライナ,ウクライナ-Ukraina,ウクライナ,名詞-固有名詞-地名-国,ウクライナ,3060
,I,から,から,カラ,助詞-格助詞,カラ,7219
,I,各国,各国,カッコク,名詞-普通名詞-一般,カッコク,6739
,I,へ,へ,ヘ,助詞-格助詞,ヘ,33819
,I,逃れ,逃れる,ノガレル,動詞-一般,ノガレル,29078
,I,た,た,タ,助動詞,タ,21642
,I,人,人,ヒト,名詞-普通名詞-一般,ヒト,31500
,I,の,の,ノ,助詞-格助詞,ノ,28989
,I,数,数,カズ,名詞-普通名詞-一般,カズ,6519
,I,は,は,ハ,助詞-係助詞,ハ,29321
,I,3,三,サン,名詞-数詞,サン,14499
,I,月,月,ガツ,名詞-普通名詞-助数詞可能,ガツ,8121
,I,2,二,ニ,名詞-数詞,ニ,28181
,I,2,二,ニ,名詞-数詞,ニ,28181
,I,日,日,ニチ,名詞-普通名詞-助数詞可能,ニチ,28375
,I,現在,現在,ゲンザイ,名詞-普通名詞-副詞可能,ゲンザイ,11666
,I,。,。,,補助記号-句点,,25
,I,国連,国連,コクレン,名詞-固有名詞-一般,コクレン,12590
,I,難民,難民,ナンミン,名詞-普通名詞-一般,ナンミン,28168
,I,高等,高等,コウトウ,形状詞-一般,コウトウ,12274
,I,弁務,弁務,ベンム,名詞-普通名詞-一般,ベンム,34280
,I,官,官,カン,接尾辞-名詞的-一般,カン,7457
,I,事務,事務,ジム,名詞-普通名詞-一般,ジム,18056
,I,所,所,ショ,接尾辞-名詞的-一般,ショ,16523
,I,から,から,カラ,助詞-格助詞,カラ,7219
,B,　,　,,空白,,23
,I,ウクライナ,ウクライナ-Ukraina,ウクライナ,名詞-固有名詞-地名-国,ウクライナ,3060
,I,は,は,ハ,助詞-係助詞,ハ,29321
,I,かつて,嘗て,カツテ,副詞,カツテ,6798
,I,ロシア,ロシア-Rossiya,ロシア,名詞-固有名詞-地名-国,ロシア,40961
,I,を,を,ヲ,助詞-格助詞,ヲ,41407
,I,中心,中心,チュウシン,名詞-普通名詞-一般,チュウシン,23828
,I,と,と,ト,助詞-格助詞,ト,25826
,I,する,為る,スル,動詞-非自立可能,スル,19537
,I,ソ連,ソ連,ソレン,名詞-固有名詞-地名-国,ソレン,21466
,I,の,の,ノ,助詞-格助詞,ノ,28989
,I,構成,構成,コウセイ,名詞-普通名詞-サ変可能,コウセイ,12169
,I,国,国,コク,接尾辞-名詞的-一般,コク,12504
,I,でし,です,デス,助動詞,デス,25653
,I,た,た,タ,助動詞,タ,21642
,I,が,が,ガ,助詞-接続助詞,ガ,7888
,I,、,、,,補助記号-読点,,24
,I,ソ連,ソ連,ソレン,名詞-固有名詞-地名-国,ソレン,21466
,I,が,が,ガ,助詞-格助詞,ガ,7889
,I,崩壊,崩壊,ホウカイ,名詞-普通名詞-サ変可能,ホウカイ,34402
,I,し,為る,スル,動詞-非自立可能,スル,19537
,I,た,た,タ,助動詞,タ,21642
,I,こと,事,コト,名詞-普通名詞-一般,コト,12836
,I,で,で,デ,助詞-格助詞,デ,25518
,I,独立,独立,ドクリツ,名詞-普通名詞-サ変形状詞可能,ドクリツ,27246
,I,。,。,,補助記号-句点,,25
,I,いま,今,イマ,名詞-普通名詞-副詞可能,イマ,2460
,I,の,の,ノ,助詞-格助詞,ノ,28989
,I,ウクライナ,ウクライナ-Ukraina,ウクライナ,名詞-固有名詞-地名-国,ウクライナ,3060
,I,の,の,ノ,助詞-格助詞,ノ,28989
,I,ゼレンスキー,ゼレンスキー,ゼレンスキー,名詞-固有名詞-人名-姓,ゼレンスキー,367438
,I,政権,政権,セイケン,名詞-普通名詞-一般,セイケン,19771
,I,は,は,ハ,助詞-係助詞,ハ,29321
,I,親,親,オヤ,名詞-普通名詞-一般,オヤ,5295
,I,欧米,欧米,オウベイ,名詞-普通名詞-一般,オウベイ,4486
,I,で,で,デ,助詞-格助詞,デ,25518
,I,、,、,,補助記号-読点,,24
,I,N,Ｎ,エヌ,記号-文字,エヌ,3936
,I,A,Ａ,エー,記号-文字,エー,4296
,I,T,Ｔ,ティー,記号-文字,ティー,24900
,I,O,Ｏ,オー,記号-文字,オー,5486
,I,へ,へ,ヘ,助詞-格助詞,ヘ,33819
,I,の,の,ノ,助詞-格助詞,ノ,28989
,I,加盟,加盟,カメイ,名詞-普通名詞-サ変可能,カメイ,7157
,I,を,を,ヲ,助詞-格助詞,ヲ,41407
,I,目指し,目指す,メザス,動詞-一般,メザス,37392
,I,て,て,テ,助詞-接続助詞,テ,24874
,I,い,居る,イル,動詞-非自立可能,イル,2585
,I,ます,ます,マス,助動詞,マス,35697
,I,。,。,,補助記号-句点,,25
,I,ロシア,ロシア-Rossiya,ロシア,名詞-固有名詞-地名-国,ロシア,40961
,I,に,に,ニ,助詞-格助詞,ニ,28178
,I,とっ,取る,トル,動詞-一般,トル,26854
,I,て,て,テ,助詞-接続助詞,テ,24874
,I,、,、,,補助記号-読点,,24
,I,これ,此れ,コレ,代名詞,コレ,13095
,I,は,は,ハ,助詞-係助詞,ハ,29321
,I,がまん,我慢,ガマン,名詞-普通名詞-サ変可能,ガマン,8141
,I,が,が,ガ,助詞-格助詞,ガ,7889
,I,なら,成る,ナル,動詞-非自立可能,ナル,28061
,I,ない,ない,ナイ,助動詞,ナイ,27438
,I,。,。,,補助記号-句点,,25
,I,その,其の,ソノ,連体詞,ソノ,21394
,I,ため,為,タメ,名詞-普通名詞-副詞可能,タメ,22686
,I,、,、,,補助記号-読点,,24
,I,いろんな,色んな,イロンナ,連体詞,イロンナ,2634
,I,理由,理由,リユウ,名詞-普通名詞-一般,リユウ,40189
,I,を,を,ヲ,助詞-格助詞,ヲ,41407
,I,つけ,付ける,ツケル,動詞-非自立可能,ツケル,24585
,I,て,て,テ,助詞-接続助詞,テ,24874
,I,ゼレンスキー,ゼレンスキー,ゼレンスキー,名詞-固有名詞-人名-姓,ゼレンスキー,367438
,I,大統領,大統領,ダイトウリョウ,名詞-普通名詞-一般,ダイトウリョウ,23043
,I,を,を,ヲ,助詞-格助詞,ヲ,41407
,I,何,何,ナニ,代名詞,ナン,27920
,I,と,と,ト,助詞-格助詞,ト,25826
,I,か,か,カ,助詞-副助詞,カ,5568
,I,武力,武力,ブリョク,名詞-普通名詞-一般,ブリョク,33491
,I,で,で,デ,助詞-格助詞,デ,25518
,I,排除,排除,ハイジョ,名詞-普通名詞-サ変可能,ハイジョ,29407
,I,し,為る,スル,動詞-非自立可能,スル,19537
,I,、,、,,補助記号-読点,,24
,I,ロシア,ロシア-Rossiya,ロシア,名詞-固有名詞-地名-国,ロシア,40961
,I,に,に,ニ,助詞-格助詞,ニ,28178
,I,従順,従順,ジュウジュン,名詞-普通名詞-形状詞可能,ジュウジュン,69527
,I,な,だ,ダ,助動詞,ダ,22916
,I,国,国,クニ,名詞-普通名詞-一般,クニ,10282
,I,に,に,ニ,助詞-格助詞,ニ,28178
,I,変え,変える,カエル,動詞-一般,カエル,5977
,I,て,て,テ,助詞-接続助詞,テ,24874
,I,しまい,仕舞う,シマウ,動詞-非自立可能,シマウ,15738
,I,たい,たい,タイ,助動詞,タイ,21652
,I,の,の,ノ,助詞-準体助詞,ノ,28990
,I,です,です,デス,助動詞,デス,25653
,I,。,。,,補助記号-句点,,25
,I,ウクライナ,ウクライナ-Ukraina,ウクライナ,名詞-固有名詞-地名-国,ウクライナ,3060
,I,を,を,ヲ,助詞-格助詞,ヲ,41407
,I,影響,影響,エイキョウ,名詞-普通名詞-サ変可能,エイキョウ,3645
,I,下,下,カ,接尾辞-名詞的-副詞可能,カ,5572
,I,に,に,ニ,助詞-格助詞,ニ,28178
,I,置け,置く,オク,動詞-非自立可能,オク,4811
,I,ば,ば,バ,助詞-接続助詞,バ,30503
,I,、,、,,補助記号-読点,,24
,I,地理,地理,チリ,名詞-普通名詞-一般,チリ,24233
,I,的,的,テキ,接尾辞-形状詞的,テキ,25076
,I,に,だ,ダ,助動詞,ダ,22916
,I,も,も,モ,助詞-係助詞,モ,37562
,I,N,Ｎ,エヌ,記号-文字,エヌ,3936
,I,A,Ａ,エー,記号-文字,エー,4296
,I,T,Ｔ,ティー,記号-文字,ティー,24900
,I,O,Ｏ,オー,記号-文字,オー,5486
,I,に,に,ニ,助詞-格助詞,ニ,28178
,I,加わっ,加わる,クワワル,動詞-一般,クワワル,10652
,I,て,て,テ,助詞-接続助詞,テ,24874
,I,いる,居る,イル,動詞-非自立可能,イル,2585
,I,国々,国々,クニグニ,名詞-普通名詞-一般,クニグニ,10289
,I,と,と,ト,助詞-格助詞,ト,25826
,I,ロシア,ロシア-Rossiya,ロシア,名詞-固有名詞-地名-国,ロシア,40961
,I,と,と,ト,助詞-格助詞,ト,25826
,I,の,の,ノ,助詞-格助詞,ノ,28989
,I,間,間,アイダ,名詞-普通名詞-副詞可能,アイダ,168
,I,の,の,ノ,助詞-格助詞,ノ,28989
,I,クッション,クッション-cushion,クッション,名詞-普通名詞-一般,クッション,10247
,I,に,に,ニ,助詞-格助詞,ニ,28178
,I,も,も,モ,助詞-係助詞,モ,37562
,I,なり,成る,ナル,動詞-非自立可能,ナル,28061
,I,ます,ます,マス,助動詞,マス,35697
,I,。,。,,補助記号-句点,,25
,I,　,　,,空白,,23
,B,:n:　,　,,空白,,23
,I,で,で,デ,助詞-格助詞,デ,25518
,I,も,も,モ,助詞-係助詞,モ,37562
,I,、,、,,補助記号-読点,,24
,I,戦争,戦争,センソウ,名詞-普通名詞-サ変可能,センソウ,20543
,I,の,の,ノ,助詞-格助詞,ノ,28989
,I,代償,代償,ダイショウ,名詞-普通名詞-一般,ダイショウ,23006
,I,の,の,ノ,助詞-格助詞,ノ,28989
,I,大き,大きい,オオキイ,形容詞-一般,オオキイ,4563
,I,さ,さ,サ,接尾辞-名詞的-一般,サ,13619
,I,を,を,ヲ,助詞-格助詞,ヲ,41407
,I,考えれ,考える,カンガエル,動詞-一般,カンガエル,7514
,I,ば,ば,バ,助詞-接続助詞,バ,30503
,I,、,、,,補助記号-読点,,24
,I,攻撃,攻撃,コウゲキ,名詞-普通名詞-サ変可能,コウゲキ,12009
,I,の,の,ノ,助詞-格助詞,ノ,28989
,I,開始,開始,カイシ,名詞-普通名詞-サ変可能,カイシ,5736
,I,を,を,ヲ,助詞-格助詞,ヲ,41407
,I,理性,理性,リセイ,名詞-普通名詞-一般,リセイ,39991
,I,的,的,テキ,接尾辞-形状詞的,テキ,25076
,I,に,だ,ダ,助動詞,ダ,22916
,I,判断,判断,ハンダン,名詞-普通名詞-サ変可能,ハンダン,30405
,I,し,為る,スル,動詞-非自立可能,スル,19537
,I,た,た,タ,助動詞,タ,21642
,I,の,の,ノ,助詞-準体助詞,ノ,28990
,I,か,か,カ,助詞-副助詞,カ,5568
,I,どう,どう,ドウ,副詞,ドウ,26969
,I,か,か,カ,助詞-副助詞,カ,5568
,I,は,は,ハ,助詞-係助詞,ハ,29321
,I,疑問,疑問,ギモン,名詞-普通名詞-一般,ギモン,9837
,I,が,が,ガ,助詞-格助詞,ガ,7889
,I,残り,残る,ノコル,動詞-一般,ノコル,29096
,I,ます,ます,マス,助動詞,マス,35697
,I,。,。,,補助記号-句点,,25
,I,プーチン,プーチン-Putin,プーチン,名詞-固有名詞-人名-一般,プーチン,87774
,I,氏,氏,シ,接尾辞-名詞的-一般,シ,14945
,I,は,は,ハ,助詞-係助詞,ハ,29321
,I,かねて,予て,カネテ,副詞,カネテ,6945
,I,、,、,,補助記号-読点,,24
,I,ウクライナ,ウクライナ-Ukraina,ウクライナ,名詞-固有名詞-地名-国,ウクライナ,3060
,I,人,人,ジン,接尾辞-名詞的-一般,ジン,18765
,I,と,と,ト,助詞-格助詞,ト,25826
,I,ロシア,ロシア-Rossiya,ロシア,名詞-固有名詞-地名-国,ロシア,40961
,I,人,人,ジン,接尾辞-名詞的-一般,ジン,18765
,I,は,は,ハ,助詞-係助詞,ハ,29321
,I,「,「,,補助記号-括弧開,,33
,I,歴史,歴史,レキシ,名詞-普通名詞-一般,レキシ,40653
,I,的,的,テキ,接尾辞-形状詞的,テキ,25076
,I,に,だ,ダ,助動詞,ダ,22916
,I,一体,一体,イッタイ,名詞-普通名詞-一般,イッタイ,2230
,I,だ,だ,ダ,助動詞,ダ,22916
,I,」,」,,補助記号-括弧閉,,34
,I,と,と,ト,助詞-格助詞,ト,25826
,I,主張,主張,シュチョウ,名詞-普通名詞-サ変可能,シュチョウ,16338
,I,し,為る,スル,動詞-非自立可能,スル,19537
,I,、,、,,補助記号-読点,,24
,I,ウクライナ,ウクライナ-Ukraina,ウクライナ,名詞-固有名詞-地名-国,ウクライナ,3060
,I,を,を,ヲ,助詞-格助詞,ヲ,41407
,I,独立,独立,ドクリツ,名詞-普通名詞-サ変形状詞可能,ドクリツ,27246
,I,し,為る,スル,動詞-非自立可能,スル,19537
,I,た,た,タ,助動詞,タ,21642
,I,存在,存在,ソンザイ,名詞-普通名詞-サ変可能,ソンザイ,21491
,I,と,と,ト,助詞-格助詞,ト,25826
,I,し,為る,スル,動詞-非自立可能,スル,19537
,I,て,て,テ,助詞-接続助詞,テ,24874
,I,認め,認める,ミトメル,動詞-一般,ミトメル,36659
,I,て,て,テ,助詞-接続助詞,テ,24874
,I,き,来る,クル,動詞-非自立可能,クル,10518
,I,ませ,ます,マス,助動詞,マス,35697
,I,ん,ず,ズ,助動詞,ヌ,19587
,I,でし,です,デス,助動詞,デス,25653
,I,た,た,タ,助動詞,タ,21642
,I,。,。,,補助記号-句点,,25
,I,そう,そう,ソウ,副詞,ソウ,20935
,I,し,為る,スル,動詞-非自立可能,スル,19537
,I,た,た,タ,助動詞,タ,21642
,I,独自,独自,ドクジ,形状詞-一般,ドクジ,27224
,I,の,の,ノ,助詞-格助詞,ノ,28989
,I,歴史,歴史,レキシ,名詞-普通名詞-一般,レキシ,40653
,I,観,観,カン,接尾辞-名詞的-一般,カン,7471
,I,や,や,ヤ,助詞-副助詞,ヤ,38083
,I,国家,国家,コッカ,名詞-普通名詞-一般,コッカ,12780
,I,観,観,カン,接尾辞-名詞的-一般,カン,7471
,I,が,が,ガ,助詞-格助詞,ガ,7889
,I,影響,影響,エイキョウ,名詞-普通名詞-サ変可能,エイキョウ,3645
,I,し,為る,スル,動詞-非自立可能,スル,19537
,I,た,た,タ,助動詞,タ,21642
,I,可能,可能,カノウ,形状詞-一般,カノウ,6969
,I,性,性,セイ,接尾辞-名詞的-一般,セイ,19682
,I,も,も,モ,助詞-係助詞,モ,37562
,I,否定,否定,ヒテイ,名詞-普通名詞-サ変可能,ヒテイ,31476
,I,でき,出来る,デキル,動詞-非自立可能,デキル,25624
,I,ませ,ます,マス,助動詞,マス,35697
,I,ん,ず,ズ,助動詞,ヌ,19587
,I,。,。,,補助記号-句点,,25
,B,:n::n:【,【,,補助記号-括弧開,,37
,I,4,四,ヨン,名詞-数詞,ヨン,39551
,I,0,ゼロ-zero,ゼロ,名詞-数詞,ゼロ,20754
,I,秒,秒,ビョウ,名詞-普通名詞-助数詞可能,ビョウ,32077
,I,で,で,デ,助詞-格助詞,デ,25518
,I,わかる,分かる,ワカル,動詞-一般,ワカル,41180
,I,動画,動画,ドウガ,名詞-普通名詞-一般,ドウガ,27000
,I,】,】,,補助記号-括弧閉,,38
,I,ロシア,ロシア-Rossiya,ロシア,名詞-固有名詞-地名-国,ロシア,40961
,I,は,は,ハ,助詞-係助詞,ハ,29321
,I,なぜ,何故,ナゼ,副詞,ナゼ,27841
,I,ウクライナ,ウクライナ-Ukraina,ウクライナ,名詞-固有名詞-地名-国,ウクライナ,3060
,I,を,を,ヲ,助詞-格助詞,ヲ,41407
,I,攻撃,攻撃,コウゲキ,名詞-普通名詞-サ変可能,コウゲキ,12009
,I,し,為る,スル,動詞-非自立可能,スル,19537
,I,て,て,テ,助詞-接続助詞,テ,24874
,I,いる,居る,イル,動詞-非自立可能,イル,2585
,I,？,？,,補助記号-句点,,57
,B,ウクライナ,ウクライナ-Ukraina,ウクライナ,名詞-固有名詞-地名-国,ウクライナ,3060
,I,侵攻,侵攻,シンコウ,名詞-普通名詞-サ変可能,シンコウ,17316
,I,は,は,ハ,助詞-係助詞,ハ,29321
,I,1,一,イチ,名詞-数詞,イチ,2050
,I,年,年,ネン,名詞-普通名詞-助数詞可能,ネン,28927
,I,越し,越し,ゴシ,接尾辞-名詞的-一般,ゴシ,13451
,I,の,の,ノ,助詞-格助詞,ノ,28989
,I,綿密,綿密,メンミツ,名詞-普通名詞-形状詞可能,メンミツ,37548
,I,計画,計画,ケイカク,名詞-普通名詞-サ変可能,ケイカク,10906
,I,　,　,,空白,,23
,I,ロシア,ロシア-Rossiya,ロシア,名詞-固有名詞-地名-国,ロシア,40961
,I,軍事,軍事,グンジ,名詞-普通名詞-一般,グンジ,10839
,I,作戦,作戦,サクセン,名詞-普通名詞-一般,サクセン,14019
,I,は,は,ハ,助詞-係助詞,ハ,29321
,I,狙い,狙い,ネライ,名詞-普通名詞-一般,ネライ,28913
,I,通り,通り,トオリ,名詞-普通名詞-助数詞可能,トオリ,26203
,I,か,か,カ,助詞-副助詞,カ,5568
,B,最新,最新,サイシン,名詞-普通名詞-一般,サイシン,13735
,I,鋭,鋭,エイ,名詞-普通名詞-形状詞可能,エイ,299755
,I,の,の,ノ,助詞-格助詞,ノ,28989
,I,ロシア,ロシア-Rossiya,ロシア,名詞-固有名詞-地名-国,ロシア,40961
,I,軍,軍,グン,名詞-普通名詞-一般,グン,10829
,I,、,、,,補助記号-読点,,24
,I,なぜ,何故,ナゼ,副詞,ナゼ,27841
,I,制空,制空,セイクウ,名詞-普通名詞-一般,セイクウ,57502
,I,権,権,ケン,接尾辞-名詞的-一般,ケン,11254
,I,を,を,ヲ,助詞-格助詞,ヲ,41407
,I,奪え,奪う,ウバウ,動詞-一般,ウバエル,3352
,I,ない,ない,ナイ,助動詞,ナイ,27438
,I,？,？,,補助記号-句点,,57
,I,　,　,,空白,,23
,I,元,元,モト,名詞-普通名詞-一般,モト,37819
,I,米軍,米軍,ベイグン,名詞-普通名詞-一般,ベイグン,34110
,I,パイロット,パイロット-pilot,パイロット,名詞-普通名詞-一般,パイロット,30920
,I,が,が,ガ,助詞-格助詞,ガ,7889
,I,分析,分析,ブンセキ,名詞-普通名詞-サ変可能,ブンセキ,33606
,B,Q,Ｑ,キュー,記号-文字,キュー,9113
,I,　,　,,空白,,23
,I,プーチン,プーチン-Putin,プーチン,名詞-固有名詞-人名-一般,プーチン,87774
,I,大統領,大統領,ダイトウリョウ,名詞-普通名詞-一般,ダイトウリョウ,23043
,I,って,って,ッテ,助詞-副助詞,ッテ,24319
,I,どんな,どんな,ドンナ,連体詞,ドンナ,27414
,I,人,人,ヒト,名詞-普通名詞-一般,ヒト,31500
,I,？,？,,補助記号-句点,,57
,B,A,Ａ,エー,記号-文字,エー,4296
,I,　,　,,空白,,23
,I,ロシア,ロシア-Rossiya,ロシア,名詞-固有名詞-地名-国,ロシア,40961
,I,の,の,ノ,助詞-格助詞,ノ,28989
,I,大統領,大統領,ダイトウリョウ,名詞-普通名詞-一般,ダイトウリョウ,23043
,I,と,と,ト,助詞-格助詞,ト,25826
,I,し,為る,スル,動詞-非自立可能,スル,19537
,I,て,て,テ,助詞-接続助詞,テ,24874
,I,今回,今回,コンカイ,名詞-普通名詞-副詞可能,コンカイ,13150
,I,の,の,ノ,助詞-格助詞,ノ,28989
,I,ウクライナ,ウクライナ-Ukraina,ウクライナ,名詞-固有名詞-地名-国,ウクライナ,3060
,I,侵攻,侵攻,シンコウ,名詞-普通名詞-サ変可能,シンコウ,17316
,I,を,を,ヲ,助詞-格助詞,ヲ,41407
,I,始め,始める,ハジメル,動詞-非自立可能,ハジメル,29733
,I,た,た,タ,助動詞,タ,21642
,I,プーチン,プーチン-Putin,プーチン,名詞-固有名詞-人名-一般,プーチン,87774
,I,氏,氏,シ,接尾辞-名詞的-一般,シ,14945
,I,と,と,ト,助詞-格助詞,ト,25826
,I,は,は,ハ,助詞-係助詞,ハ,29321
,I,、,、,,補助記号-読点,,24
,I,いったい,一体,イッタイ,副詞,イッタイ,2231
,I,どんな,どんな,ドンナ,連体詞,ドンナ,27414
,I,人物,人物,ジンブツ,名詞-普通名詞-一般,ジンブツ,18820
,I,な,だ,ダ,助動詞,ダ,22916
,I,の,の,ノ,助詞-準体助詞,ノ,28990
,I,でしょう,です,デス,助動詞,デス,25653
,I,か,か,カ,助詞-終助詞,カ,5569
,I,。,。,,補助記号-句点,,25
,B,:n:　,　,,空白,,23
,I,6,六,ロク,名詞-数詞,ロク,40932
,I,9,九,キュウ,名詞-数詞,キュウ,8929
,I,歳,歳,サイ,接尾辞-名詞的-助数詞,サイ,13634
,I,の,の,ノ,助詞-格助詞,ノ,28989
,I,プーチン,プーチン-Putin,プーチン,名詞-固有名詞-人名-一般,プーチン,87774
,I,氏,氏,シ,接尾辞-名詞的-一般,シ,14945
,I,は,は,ハ,助詞-係助詞,ハ,29321
,I,2,二,ニ,名詞-数詞,ニ,28181
,I,0,ゼロ-zero,ゼロ,名詞-数詞,ゼロ,20754
,I,年,年,ネン,名詞-普通名詞-助数詞可能,ネン,28927
,I,以上,以上,イジョウ,名詞-普通名詞-副詞可能,イジョウ,1898
,I,に,に,ニ,助詞-格助詞,ニ,28178
,I,わたっ,渡る,ワタル,動詞-非自立可能,ワタル,41291
,I,て,て,テ,助詞-接続助詞,テ,24874
,I,権力,権力,ケンリョク,名詞-普通名詞-一般,ケンリョク,11448
,I,を,を,ヲ,助詞-格助詞,ヲ,41407
,I,握り,握る,ニギル,動詞-一般,ニギル,28225
,I,、,、,,補助記号-読点,,24
,I,ロシア,ロシア-Rossiya,ロシア,名詞-固有名詞-地名-国,ロシア,40961
,I,国,国,コク,接尾辞-名詞的-一般,コク,12504
,I,内,内,ナイ,接尾辞-名詞的-一般,ナイ,27441
,I,に,に,ニ,助詞-格助詞,ニ,28178
,I,は,は,ハ,助詞-係助詞,ハ,29321
,I,、,、,,補助記号-読点,,24
,I,エリツィン,エリツィン-El'tsin,エリツィン,名詞-固有名詞-人名-一般,エリツィン,4102
,I,政権,政権,セイケン,名詞-普通名詞-一般,セイケン,19771
,I,時代,時代,ジダイ,名詞-普通名詞-一般,ジダイ,17915
,I,に,に,ニ,助詞-格助詞,ニ,28178
,I,混乱,混乱,コンラン,名詞-普通名詞-サ変可能,コンラン,13290
,I,し,為る,スル,動詞-非自立可能,スル,19537
,I,た,た,タ,助動詞,タ,21642
,I,社会,社会,シャカイ,名詞-普通名詞-一般,シャカイ,15869
,I,の,の,ノ,助詞-格助詞,ノ,28989
,I,安定,安定,アンテイ,名詞-普通名詞-サ変形状詞可能,アンテイ,1389
,I,を,を,ヲ,助詞-格助詞,ヲ,41407
,I,取り戻し,取り戻す,トリモドス,動詞-一般,トリモドス,26842
,I,た,た,タ,助動詞,タ,21642
,I,と,と,ト,助詞-格助詞,ト,25826
,I,の,の,ノ,助詞-格助詞,ノ,28989
,I,評価,評価,ヒョウカ,名詞-普通名詞-サ変可能,ヒョウカ,31722
,I,が,が,ガ,助詞-格助詞,ガ,7889
,I,あり,有る,アル,動詞-非自立可能,アル,1216
,I,ます,ます,マス,助動詞,マス,35697
,I,。,。,,補助記号-句点,,25
,I,その,其の,ソノ,連体詞,ソノ,21394
,I,一方,一方,イッポウ,名詞-普通名詞-副詞可能,イッポウ,2268
,I,で,で,デ,助詞-格助詞,デ,25518
,I,、,、,,補助記号-読点,,24
,I,ほか,他,ホカ,名詞-普通名詞-副詞可能,ホカ,34603
,I,の,の,ノ,助詞-格助詞,ノ,28989
,I,国,国,クニ,名詞-普通名詞-一般,クニ,10282
,I,に,に,ニ,助詞-格助詞,ニ,28178
,I,対し,対する,タイスル,動詞-一般,タイスル,21823
,I,て,て,テ,助詞-接続助詞,テ,24874
,I,軍事,軍事,グンジ,名詞-普通名詞-一般,グンジ,10839
,I,力,力,リョク,接尾辞-名詞的-一般,リョク,40327
,I,を,を,ヲ,助詞-格助詞,ヲ,41407
,I,使う,使う,ツカウ,動詞-一般,ツカウ,24457
,I,こと,事,コト,名詞-普通名詞-一般,コト,12836
,I,も,も,モ,助詞-係助詞,モ,37562
,I,辞さ,辞する,ジスル,動詞-一般,ジス,17879
,I,ず,ず,ズ,助動詞,ヌ,19587
,I,、,、,,補助記号-読点,,24
,I,国内,国内,コクナイ,名詞-普通名詞-一般,コクナイ,12558
,I,の,の,ノ,助詞-格助詞,ノ,28989
,I,反対,反対,ハンタイ,名詞-普通名詞-サ変形状詞可能,ハンタイ,30399
,I,派,派,ハ,接尾辞-名詞的-一般,ハ,29329
,I,を,を,ヲ,助詞-格助詞,ヲ,41407
,I,締めつけ,締め付ける,シメツケル,動詞-一般,シメツケル,15794
,I,て,て,テ,助詞-接続助詞,テ,24874
,I,き,来る,クル,動詞-非自立可能,クル,10518
,I,た,た,タ,助動詞,タ,21642
,I,姿,姿,スガタ,名詞-普通名詞-一般,スガタ,19061
,I,が,が,ガ,助詞-格助詞,ガ,7889
,I,「,「,,補助記号-括弧開,,33
,I,独裁,独裁,ドクサイ,名詞-普通名詞-サ変可能,ドクサイ,27212
,I,者,者,シャ,接尾辞-名詞的-一般,シャ,15852
,I,」,」,,補助記号-括弧閉,,34
,I,の,の,ノ,助詞-格助詞,ノ,28989
,I,イメージ,イメージ-image,イメージ,名詞-普通名詞-サ変可能,イメージ,2503
,I,を,を,ヲ,助詞-格助詞,ヲ,41407
,I,形づくっ,形作る,カタチヅクル,動詞-一般,カタチヅクル,6642
,I,て,て,テ,助詞-接続助詞,テ,24874
,I,き,来る,クル,動詞-非自立可能,クル,10518
,I,まし,ます,マス,助動詞,マス,35697
,I,た,た,タ,助動詞,タ,21642
,I,。,。,,補助記号-句点,,25
,B,:n:　,　,,空白,,23
,I,プーチン,プーチン-Putin,プーチン,名詞-固有名詞-人名-一般,プーチン,87774
,I,氏,氏,シ,接尾辞-名詞的-一般,シ,14945
,I,は,は,ハ,助詞-係助詞,ハ,29321
,I,1,一,イチ,名詞-数詞,イチ,2050
,I,9,九,キュウ,名詞-数詞,キュウ,8929
,I,5,五,ゴ,名詞-数詞,ゴ,13327
,I,2,二,ニ,名詞-数詞,ニ,28181
,I,年,年,ネン,名詞-普通名詞-助数詞可能,ネン,28927
,I,に,に,ニ,助詞-格助詞,ニ,28178
,I,、,、,,補助記号-読点,,24
,I,旧,旧,キュウ,名詞-普通名詞-一般,キュウ,94078
,I,ソ連,ソ連,ソレン,名詞-固有名詞-地名-国,ソレン,21466
,I,の,の,ノ,助詞-格助詞,ノ,28989
,I,第,第,ダイ,接頭辞,ダイ,22937
,I,2,二,ニ,名詞-数詞,ニ,28181
,I,の,の,ノ,助詞-格助詞,ノ,28989
,I,都市,都市,トシ,名詞-普通名詞-一般,トシ,26390
,I,・,・,,補助記号-一般,,44
,I,レニングラード,レニングラード-Leningrad,レニングラード,名詞-固有名詞-地名-一般,レニングラード,95425
,I,（,（,,補助記号-括弧開,,46
,I,今,今,イマ,名詞-普通名詞-副詞可能,イマ,2460
,I,の,の,ノ,助詞-格助詞,ノ,28989
,I,サンクトペテルブルク,サンクト・ペテルブルク,サンクトペテルブルク,名詞-固有名詞-地名-一般,サンクトペテルブルク,14547
,I,）,）,,補助記号-括弧閉,,49
,I,で,で,デ,助詞-格助詞,デ,25518
,I,、,、,,補助記号-読点,,24
,I,工場,工場,コウジョウ,名詞-普通名詞-一般,コウジョウ,12143
,I,の,の,ノ,助詞-格助詞,ノ,28989
,I,熟練,熟練,ジュクレン,名詞-普通名詞-サ変可能,ジュクレン,18284
,I,工,工,コウ,名詞-普通名詞-一般,コウ,11836
,I,の,の,ノ,助詞-格助詞,ノ,28989
,I,家,家,イエ,名詞-普通名詞-一般,イエ,1580
,I,に,に,ニ,助詞-格助詞,ニ,28178
,I,生まれ,生まれる,ウマレル,動詞-一般,ウマレル,3379
,I,まし,ます,マス,助動詞,マス,35697
,I,た,た,タ,助動詞,タ,21642
,I,。,。,,補助記号-句点,,25
,I,早く,早く,ハヤク,名詞-普通名詞-副詞可能,ハヤク,30141
,I,から,から,カラ,助詞-格助詞,カラ,7219
,I,スパイ,スパイ-spy,スパイ,名詞-普通名詞-サ変可能,スパイ,19362
,I,に,に,ニ,助詞-格助詞,ニ,28178
,I,なる,成る,ナル,動詞-非自立可能,ナル,28061
,I,こと,事,コト,名詞-普通名詞-一般,コト,12836
,I,を,を,ヲ,助詞-格助詞,ヲ,41407
,I,志し,志す,ココロザス,動詞-一般,ココロザス,12625
,I,た,た,タ,助動詞,タ,21642
,I,と,と,ト,助詞-格助詞,ト,25826
,I,さ,為る,スル,動詞-非自立可能,スル,19537
,I,れ,れる,レル,助動詞,レル,40741
,I,、,、,,補助記号-読点,,24
,I,大学,大学,ダイガク,名詞-普通名詞-一般,ダイガク,22965
,I,を,を,ヲ,助詞-格助詞,ヲ,41407
,I,卒業,卒業,ソツギョウ,名詞-普通名詞-サ変可能,ソツギョウ,21358
,I,し,為る,スル,動詞-非自立可能,スル,19537
,I,た,た,タ,助動詞,タ,21642
,I,後,後,アト,名詞-普通名詞-副詞可能,アト,856
,I,、,、,,補助記号-読点,,24
,I,旧,旧,キュウ,名詞-普通名詞-一般,キュウ,94078
,I,ソ連,ソ連,ソレン,名詞-固有名詞-地名-国,ソレン,21466
,I,の,の,ノ,助詞-格助詞,ノ,28989
,I,情報,情報,ジョウホウ,名詞-普通名詞-一般,ジョウホウ,18630
,I,機関,機関,キカン,名詞-普通名詞-一般,キカン,8330
,I,で,だ,ダ,助動詞,ダ,22916
,I,ある,有る,アル,動詞-非自立可能,アル,1216
,I,国家,国家,コッカ,名詞-普通名詞-一般,コッカ,12780
,I,保安,保安,ホアン,名詞-普通名詞-一般,ホアン,34364
,I,委員,委員,イイン,名詞-普通名詞-一般,イイン,1569
,I,会,会,カイ,名詞-普通名詞-一般,カイ,5605
,I,（,（,,補助記号-括弧開,,46
,I,K,Ｋ,ケー,記号-文字,ケー,11455
,I,G,Ｇ,ジー,記号-文字,ジー,18833
,I,B,Ｂ,ビー,記号-文字,ビー,32144
,I,）,）,,補助記号-括弧閉,,49
,I,に,に,ニ,助詞-格助詞,ニ,28178
,I,採用,採用,サイヨウ,名詞-普通名詞-サ変可能,サイヨウ,13830
,I,さ,為る,スル,動詞-非自立可能,スル,19537
,I,れ,れる,レル,助動詞,レル,40741
,I,まし,ます,マス,助動詞,マス,35697
,I,た,た,タ,助動詞,タ,21642
,I,。,。,,補助記号-句点,,25
,B,:n:　,　,,空白,,23
,I,9,九,キュウ,名詞-数詞,キュウ,8929
,I,1,一,イチ,名詞-数詞,イチ,2050
,I,年,年,ネン,名詞-普通名詞-助数詞可能,ネン,28927
,I,に,に,ニ,助詞-格助詞,ニ,28178
,I,ソ連,ソ連,ソレン,名詞-固有名詞-地名-国,ソレン,21466
,I,が,が,ガ,助詞-格助詞,ガ,7889
,I,崩壊,崩壊,ホウカイ,名詞-普通名詞-サ変可能,ホウカイ,34402
,I,し,為る,スル,動詞-非自立可能,スル,19537
,I,た,た,タ,助動詞,タ,21642
,I,後,後,アト,名詞-普通名詞-副詞可能,アト,856
,I,、,、,,補助記号-読点,,24
,I,サンクトペテルブルク,サンクト・ペテルブルク,サンクトペテルブルク,名詞-固有名詞-地名-一般,サンクトペテルブルク,14547
,I,市,市,シ,名詞-普通名詞-一般,シ,14936
,I,の,の,ノ,助詞-格助詞,ノ,28989
,I,副,副,フク,接頭辞,フク,32590
,I,市長,市長,シチョウ,名詞-普通名詞-一般,シチョウ,15468
,I,、,、,,補助記号-読点,,24
,I,K,Ｋ,ケー,記号-文字,ケー,11455
,I,G,Ｇ,ジー,記号-文字,ジー,18833
,I,B,Ｂ,ビー,記号-文字,ビー,32144
,I,の,の,ノ,助詞-格助詞,ノ,28989
,I,後継,後継,コウケイ,名詞-普通名詞-一般,コウケイ,12001
,I,組織,組織,ソシキ,名詞-普通名詞-サ変可能,ソシキ,21295
,I,で,だ,ダ,助動詞,ダ,22916
,I,ある,有る,アル,動詞-非自立可能,アル,1216
,I,連邦,連邦,レンポウ,名詞-普通名詞-一般,レンポウ,40823
,I,保安,保安,ホアン,名詞-普通名詞-一般,ホアン,34364
,I,局,局,キョク,名詞-普通名詞-助数詞可能,キョク,9359
,I,（,（,,補助記号-括弧開,,46
,I,F,Ｆ,エフ,記号-文字,エフ,3997
,I,S,Ｓ,エス,記号-文字,エス,3819
,I,B,Ｂ,ビー,記号-文字,ビー,32144
,I,）,）,,補助記号-括弧閉,,49
,I,の,の,ノ,助詞-格助詞,ノ,28989
,I,長官,長官,チョウカン,名詞-普通名詞-一般,チョウカン,23978
,I,など,など,ナド,助詞-副助詞,ナド,27905
,I,を,を,ヲ,助詞-格助詞,ヲ,41407
,I,経,経る,ヘル,動詞-一般,ヘル,33983
,I,て,て,テ,助詞-接続助詞,テ,24874
,I,、,、,,補助記号-読点,,24
,I,9,九,キュウ,名詞-数詞,キュウ,8929
,I,9,九,キュウ,名詞-数詞,キュウ,8929
,I,年,年,ネン,名詞-普通名詞-助数詞可能,ネン,28927
,I,に,に,ニ,助詞-格助詞,ニ,28178
,I,首相,首相,シュショウ,名詞-普通名詞-一般,シュショウ,16314
,I,に,に,ニ,助詞-格助詞,ニ,28178
,I,就任,就任,シュウニン,名詞-普通名詞-サ変可能,シュウニン,16188
,I,。,。,,補助記号-句点,,25
,I,翌年,翌年,ヨクネン,名詞-普通名詞-副詞可能,ヨクネン,39194
,I,の,の,ノ,助詞-格助詞,ノ,28989
,I,大統領,大統領,ダイトウリョウ,名詞-普通名詞-一般,ダイトウリョウ,23043
,I,選,選,セン,接尾辞-名詞的-一般,セン,20390
,I,で,で,デ,助詞-格助詞,デ,25518
,I,初,初,ハツ,名詞-普通名詞-一般,ハツ,29902
,I,当選,当選,トウセン,名詞-普通名詞-サ変可能,トウセン,26037
,I,し,為る,スル,動詞-非自立可能,スル,19537
,I,まし,ます,マス,助動詞,マス,35697
,I,た,た,タ,助動詞,タ,21642
,I,。,。,,補助記号-句点,,25
,I,2,二,ニ,名詞-数詞,ニ,28181
,I,0,ゼロ-zero,ゼロ,名詞-数詞,ゼロ,20754
,I,0,ゼロ-zero,ゼロ,名詞-数詞,ゼロ,20754
,I,8,八,ハチ,名詞-数詞,ハチ,29802
,I,年,年,ネン,名詞-普通名詞-助数詞可能,ネン,28927
,I,に,に,ニ,助詞-格助詞,ニ,28178
,I,は,は,ハ,助詞-係助詞,ハ,29321
,I,後継,後継,コウケイ,名詞-普通名詞-一般,コウケイ,12001
,I,指名,指名,シメイ,名詞-普通名詞-サ変可能,シメイ,15781
,I,し,為る,スル,動詞-非自立可能,スル,19537
,I,た,た,タ,助動詞,タ,21642
,I,メドベージェフ,メドベージェフ-Medvedev,メドベージェフ,名詞-固有名詞-人名-一般,メドベージェフ,219275
,I,氏,氏,シ,接尾辞-名詞的-一般,シ,14945
,I,の,の,ノ,助詞-格助詞,ノ,28989
,I,大統領,大統領,ダイトウリョウ,名詞-普通名詞-一般,ダイトウリョウ,23043
,I,就任,就任,シュウニン,名詞-普通名詞-サ変可能,シュウニン,16188
,I,に,に,ニ,助詞-格助詞,ニ,28178
,I,伴っ,伴う,トモナウ,動詞-一般,トモナウ,26662
,I,て,て,テ,助詞-接続助詞,テ,24874
,I,首相,首相,シュショウ,名詞-普通名詞-一般,シュショウ,16314
,I,に,に,ニ,助詞-格助詞,ニ,28178
,I,転じ,転ずる,テンズル,動詞-一般,テンズル,25422
,I,ます,ます,マス,助動詞,マス,35697
,I,が,が,ガ,助詞-接続助詞,ガ,7888
,I,、,、,,補助記号-読点,,24
,I,4,四,ヨン,名詞-数詞,ヨン,39551
,I,年,年,ネン,名詞-普通名詞-助数詞可能,ネン,28927
,I,後,後,ゴ,接尾辞-名詞的-副詞可能,ゴ,13330
,I,に,に,ニ,助詞-格助詞,ニ,28178
,I,大統領,大統領,ダイトウリョウ,名詞-普通名詞-一般,ダイトウリョウ,23043
,I,に,に,ニ,助詞-格助詞,ニ,28178
,I,復帰,復帰,フッキ,名詞-普通名詞-サ変可能,フッキ,32897
,I,。,。,,補助記号-句点,,25
,I,1,一,イチ,名詞-数詞,イチ,2050
,I,8,八,ハチ,名詞-数詞,ハチ,29802
,I,年,年,ネン,名詞-普通名詞-助数詞可能,ネン,28927
,I,に,に,ニ,助詞-格助詞,ニ,28178
,I,は,は,ハ,助詞-係助詞,ハ,29321
,I,4,四,ヨン,名詞-数詞,ヨン,39551
,I,選,選,セン,接尾辞-名詞的-一般,セン,20390
,I,を,を,ヲ,助詞-格助詞,ヲ,41407
,I,決め,決める,キメル,動詞-一般,キメル,8850
,I,まし,ます,マス,助動詞,マス,35697
,I,た,た,タ,助動詞,タ,21642
,I,。,。,,補助記号-句点,,25
,B,:n:写真,写真,シャシン,名詞-普通名詞-一般,シャシン,15925
,I,・,・,,補助記号-一般,,44
,I,図版,図版,ズハン,名詞-普通名詞-一般,ズハン,19645
,B,モスクワ,モスクワ-Moskva,モスクワ,名詞-固有名詞-地名-一般,モスクワ,37722
,I,で,で,デ,助詞-格助詞,デ,25518
,I,2,二,ニ,名詞-数詞,ニ,28181
,I,月,月,ガツ,名詞-普通名詞-助数詞可能,ガツ,8121
,I,1,一,イチ,名詞-数詞,イチ,2050
,I,5,五,ゴ,名詞-数詞,ゴ,13327
,I,日,日,ニチ,名詞-普通名詞-助数詞可能,ニチ,28375
,I,、,、,,補助記号-読点,,24
,I,ドイツ,ドイツ-Duits,ドイツ,名詞-固有名詞-地名-国,ドイツ,26955
,I,の,の,ノ,助詞-格助詞,ノ,28989
,I,ショルツ,ショルツ-Scholz,ショルツ,名詞-固有名詞-人名-一般,ショルツ,161864
,I,首相,首相,シュショウ,名詞-普通名詞-一般,シュショウ,16314
,I,と,と,ト,助詞-格助詞,ト,25826
,I,の,の,ノ,助詞-格助詞,ノ,28989
,I,共同,共同,キョウドウ,名詞-普通名詞-サ変可能,キョウドウ,9303
,I,記者,記者,キシャ,名詞-普通名詞-一般,キシャ,8489
,I,会見,会見,カイケン,名詞-普通名詞-サ変可能,カイケン,5692
,I,で,で,デ,助詞-格助詞,デ,25518
,I,発言,発言,ハツゲン,名詞-普通名詞-サ変可能,ハツゲン,29917
,I,する,為る,スル,動詞-非自立可能,スル,19537
,I,ロシア,ロシア-Rossiya,ロシア,名詞-固有名詞-地名-国,ロシア,40961
,I,の,の,ノ,助詞-格助詞,ノ,28989
,I,プーチン,プーチン-Putin,プーチン,名詞-固有名詞-人名-一般,プーチン,87774
,I,大統領,大統領,ダイトウリョウ,名詞-普通名詞-一般,ダイトウリョウ,23043
,I,。,。,,補助記号-句点,,25
,I,スプートニク,スプートニク-sputnik,スプートニク,名詞-普通名詞-一般,スプートニク,95638
,I,提供,提供,テイキョウ,名詞-普通名詞-サ変可能,テイキョウ,24954
,I,=,＝,,補助記号-一般,,55
,I,A,Ａ,エー,記号-文字,エー,4296
,I,P,Ｐ,ピー,記号-文字,ピー,32239
,B,　,　,,空白,,23
,I,ソ連,ソ連,ソレン,名詞-固有名詞-地名-国,ソレン,21466
,I,崩壊,崩壊,ホウカイ,名詞-普通名詞-サ変可能,ホウカイ,34402
,I,後,後,ゴ,接尾辞-名詞的-副詞可能,ゴ,13330
,I,に,に,ニ,助詞-格助詞,ニ,28178
,I,ロシア,ロシア-Rossiya,ロシア,名詞-固有名詞-地名-国,ロシア,40961
,I,の,の,ノ,助詞-格助詞,ノ,28989
,I,経済,経済,ケイザイ,名詞-普通名詞-一般,ケイザイ,10945
,I,は,は,ハ,助詞-係助詞,ハ,29321
,I,混乱,混乱,コンラン,名詞-普通名詞-サ変可能,コンラン,13290
,I,し,為る,スル,動詞-非自立可能,スル,19537
,I,まし,ます,マス,助動詞,マス,35697
,I,た,た,タ,助動詞,タ,21642
,I,が,が,ガ,助詞-接続助詞,ガ,7888
,I,、,、,,補助記号-読点,,24
,I,自国,自国,ジコク,名詞-普通名詞-一般,ジコク,17823
,I,で,で,デ,助詞-格助詞,デ,25518
,I,とれる,取れる,トレル,動詞-一般,トレル,26874
,I,原油,原油,ゲンユ,名詞-普通名詞-一般,ゲンユ,11765
,I,の,の,ノ,助詞-格助詞,ノ,28989
,I,価格,価格,カカク,名詞-普通名詞-一般,カカク,6003
,I,上昇,上昇,ジョウショウ,名詞-普通名詞-サ変可能,ジョウショウ,18542
,I,など,など,ナド,助詞-副助詞,ナド,27905
,I,を,を,ヲ,助詞-格助詞,ヲ,41407
,I,追い風,追い風,オイカゼ,名詞-普通名詞-一般,オイカゼ,4364
,I,に,に,ニ,助詞-格助詞,ニ,28178
,I,し,為る,スル,動詞-非自立可能,スル,19537
,I,て,て,テ,助詞-接続助詞,テ,24874
,I,経済,経済,ケイザイ,名詞-普通名詞-一般,ケイザイ,10945
,I,を,を,ヲ,助詞-格助詞,ヲ,41407
,I,安定,安定,アンテイ,名詞-普通名詞-サ変形状詞可能,アンテイ,1389
,I,さ,為る,スル,動詞-非自立可能,スル,19537
,I,せ,せる,セル,助動詞,セル,20355
,I,た,た,タ,助動詞,タ,21642
,I,こと,事,コト,名詞-普通名詞-一般,コト,12836
,I,は,は,ハ,助詞-係助詞,ハ,29321
,I,、,、,,補助記号-読点,,24
,I,ロシア,ロシア-Rossiya,ロシア,名詞-固有名詞-地名-国,ロシア,40961
,I,国,国,コク,接尾辞-名詞的-一般,コク,12504
,I,内,内,ナイ,接尾辞-名詞的-一般,ナイ,27441
,I,で,で,デ,助詞-格助詞,デ,25518
,I,の,の,ノ,助詞-格助詞,ノ,28989
,I,功績,功績,コウセキ,名詞-普通名詞-一般,コウセキ,12171
,I,と,と,ト,助詞-格助詞,ト,25826
,I,さ,為る,スル,動詞-非自立可能,スル,19537
,I,れ,れる,レル,助動詞,レル,40741
,I,て,て,テ,助詞-接続助詞,テ,24874
,I,い,居る,イル,動詞-非自立可能,イル,2585
,I,ます,ます,マス,助動詞,マス,35697
,I,。,。,,補助記号-句点,,25
,I,その,其の,ソノ,連体詞,ソノ,21394
,I,一方,一方,イッポウ,名詞-普通名詞-副詞可能,イッポウ,2268
,I,で,で,デ,助詞-格助詞,デ,25518
,I,、,、,,補助記号-読点,,24
,I,周り,周り,マワリ,名詞-普通名詞-一般,マワリ,36116
,I,の,の,ノ,助詞-格助詞,ノ,28989
,I,国々,国々,クニグニ,名詞-普通名詞-一般,クニグニ,10289
,I,へ,へ,ヘ,助詞-格助詞,ヘ,33819
,I,の,の,ノ,助詞-格助詞,ノ,28989
,I,強硬,強硬,キョウコウ,形状詞-一般,キョウコウ,9207
,I,な,だ,ダ,助動詞,ダ,22916
,I,姿勢,姿勢,シセイ,名詞-普通名詞-一般,シセイ,15362
,I,で,で,デ,助詞-格助詞,デ,25518
,I,批判,批判,ヒハン,名詞-普通名詞-サ変可能,ヒハン,31625
,I,も,も,モ,助詞-係助詞,モ,37562
,I,浴び,浴びる,アビル,動詞-一般,アビル,935
,I,て,て,テ,助詞-接続助詞,テ,24874
,I,き,来る,クル,動詞-非自立可能,クル,10518
,I,まし,ます,マス,助動詞,マス,35697
,I,た,た,タ,助動詞,タ,21642
,I,。,。,,補助記号-句点,,25
,B,:n:　,　,,空白,,23
,I,0,ゼロ-zero,ゼロ,名詞-数詞,ゼロ,20754
,I,8,八,ハチ,名詞-数詞,ハチ,29802
,I,年,年,ネン,名詞-普通名詞-助数詞可能,ネン,28927
,I,に,に,ニ,助詞-格助詞,ニ,28178
,I,、,、,,補助記号-読点,,24
,I,ジョージア,ジョージア-Georgia,ジョージア,名詞-固有名詞-地名-一般,ジョージア,18732
,I,から,から,カラ,助詞-格助詞,カラ,7219
,I,の,の,ノ,助詞-格助詞,ノ,28989
,I,分離,分離,ブンリ,名詞-普通名詞-サ変可能,ブンリ,33656
,I,独立,独立,ドクリツ,名詞-普通名詞-サ変形状詞可能,ドクリツ,27246
,I,を,を,ヲ,助詞-格助詞,ヲ,41407
,I,求める,求める,モトメル,動詞-一般,モトメル,37854
,I,南,南,ミナミ,名詞-普通名詞-一般,ミナミ,36695
,I,オセチア,オセチア-Ossetia,オセチア,名詞-固有名詞-地名-一般,オセチア,115042
,I,の,の,ノ,助詞-格助詞,ノ,28989
,I,紛争,紛争,フンソウ,名詞-普通名詞-サ変可能,フンソウ,33269
,I,に,に,ニ,助詞-格助詞,ニ,28178
,I,軍事,軍事,グンジ,名詞-普通名詞-一般,グンジ,10839
,I,介入,介入,カイニュウ,名詞-普通名詞-サ変可能,カイニュウ,5869
,I,。,。,,補助記号-句点,,25
,I,1,一,イチ,名詞-数詞,イチ,2050
,I,4,四,ヨン,名詞-数詞,ヨン,39551
,I,年,年,ネン,名詞-普通名詞-助数詞可能,ネン,28927
,I,に,に,ニ,助詞-格助詞,ニ,28178
,I,は,は,ハ,助詞-係助詞,ハ,29321
,I,、,、,,補助記号-読点,,24
,I,ウクライナ,ウクライナ-Ukraina,ウクライナ,名詞-固有名詞-地名-国,ウクライナ,3060
,I,で,で,デ,助詞-格助詞,デ,25518
,I,親,親,オヤ,名詞-普通名詞-一般,オヤ,5295
,I,ロシア,ロシア-Rossiya,ロシア,名詞-固有名詞-地名-国,ロシア,40961
,I,の,の,ノ,助詞-格助詞,ノ,28989
,I,政権,政権,セイケン,名詞-普通名詞-一般,セイケン,19771
,I,が,が,ガ,助詞-格助詞,ガ,7889
,I,倒さ,倒す,タオス,動詞-一般,タオス,21982
,I,れ,れる,レル,助動詞,レル,40741
,I,、,、,,補助記号-読点,,24
,I,親,親,オヤ,名詞-普通名詞-一般,オヤ,5295
,I,欧米,欧米,オウベイ,名詞-普通名詞-一般,オウベイ,4486
,I,の,の,ノ,助詞-格助詞,ノ,28989
,I,新,新,シン,接頭辞,シン,17231
,I,政権,政権,セイケン,名詞-普通名詞-一般,セイケン,19771
,I,が,が,ガ,助詞-格助詞,ガ,7889
,I,でき,出来る,デキル,動詞-非自立可能,デキル,25624
,I,た,た,タ,助動詞,タ,21642
,I,こと,事,コト,名詞-普通名詞-一般,コト,12836
,I,に,に,ニ,助詞-格助詞,ニ,28178
,I,怒り,怒る,オコル,動詞-一般,オコル,4877
,I,、,、,,補助記号-読点,,24
,I,ウクライナ,ウクライナ-Ukraina,ウクライナ,名詞-固有名詞-地名-国,ウクライナ,3060
,I,南部,南部,ナンブ,名詞-普通名詞-一般,ナンブ,28160
,I,の,の,ノ,助詞-格助詞,ノ,28989
,I,クリミア,クリミア-Crimea,クリミア,名詞-固有名詞-地名-国,クリミア,10504
,I,半島,半島,ハントウ,名詞-普通名詞-一般,ハントウ,30414
,I,を,を,ヲ,助詞-格助詞,ヲ,41407
,I,一方,一方,イッポウ,名詞-普通名詞-副詞可能,イッポウ,2268
,I,的,的,テキ,接尾辞-形状詞的,テキ,25076
,I,に,だ,ダ,助動詞,ダ,22916
,I,併合,併合,ヘイゴウ,名詞-普通名詞-サ変可能,ヘイゴウ,33860
,I,し,為る,スル,動詞-非自立可能,スル,19537
,I,て,て,テ,助詞-接続助詞,テ,24874
,I,しまい,仕舞う,シマウ,動詞-非自立可能,シマウ,15738
,I,まし,ます,マス,助動詞,マス,35697
,I,た,た,タ,助動詞,タ,21642
,I,。,。,,補助記号-句点,,25
,B,:n:　,　,,空白,,23
,I,ロシア,ロシア-Rossiya,ロシア,名詞-固有名詞-地名-国,ロシア,40961
,I,の,の,ノ,助詞-格助詞,ノ,28989
,I,国内,国内,コクナイ,名詞-普通名詞-一般,コクナイ,12558
,I,で,で,デ,助詞-格助詞,デ,25518
,I,は,は,ハ,助詞-係助詞,ハ,29321
,I,、,、,,補助記号-読点,,24
,I,プーチン,プーチン-Putin,プーチン,名詞-固有名詞-人名-一般,プーチン,87774
,I,政権,政権,セイケン,名詞-普通名詞-一般,セイケン,19771
,I,に,に,ニ,助詞-格助詞,ニ,28178
,I,批判,批判,ヒハン,名詞-普通名詞-サ変可能,ヒハン,31625
,I,的,的,テキ,接尾辞-形状詞的,テキ,25076
,I,な,だ,ダ,助動詞,ダ,22916
,I,人権,人権,ジンケン,名詞-普通名詞-一般,ジンケン,18779
,I,団体,団体,ダンタイ,名詞-普通名詞-一般,ダンタイ,23338
,I,や,や,ヤ,助詞-副助詞,ヤ,38083
,I,独立,独立,ドクリツ,名詞-普通名詞-サ変形状詞可能,ドクリツ,27246
,I,系,系,ケイ,接尾辞-名詞的-一般,ケイ,10879
,I,メディア,メディア-media,メディア,名詞-普通名詞-一般,メディア,37453
,I,を,を,ヲ,助詞-格助詞,ヲ,41407
,I,解散,解散,カイサン,名詞-普通名詞-サ変可能,カイサン,5732
,I,さ,為る,スル,動詞-非自立可能,スル,19537
,I,せる,せる,セル,助動詞,セル,20355
,I,など,など,ナド,助詞-副助詞,ナド,27905
,I,、,、,,補助記号-読点,,24
,I,言論,言論,ゲンロン,名詞-普通名詞-一般,ゲンロン,11772
,I,の,の,ノ,助詞-格助詞,ノ,28989
,I,自由,自由,ジユウ,名詞-普通名詞-形状詞可能,ジユウ,18456
,I,も,も,モ,助詞-係助詞,モ,37562
,I,弾圧,弾圧,ダンアツ,名詞-普通名詞-サ変可能,ダンアツ,23286
,I,し,為る,スル,動詞-非自立可能,スル,19537
,I,て,て,テ,助詞-接続助詞,テ,24874
,I,き,来る,クル,動詞-非自立可能,クル,10518
,I,まし,ます,マス,助動詞,マス,35697
,I,た,た,タ,助動詞,タ,21642
,I,。,。,,補助記号-句点,,25
,B,:n:　,　,,空白,,23
,I,1,一,イチ,名詞-数詞,イチ,2050
,I,0,ゼロ-zero,ゼロ,名詞-数詞,ゼロ,20754
,I,代,代,ダイ,名詞-普通名詞-助数詞可能,ダイ,22925
,I,の,の,ノ,助詞-格助詞,ノ,28989
,I,ころ,頃,コロ,名詞-普通名詞-副詞可能,コロ,13107
,I,から,から,カラ,助詞-格助詞,カラ,7219
,I,柔道,柔道,ジュウドウ,名詞-普通名詞-一般,ジュウドウ,18228
,I,に,に,ニ,助詞-格助詞,ニ,28178
,I,親しみ,親しむ,シタシム,動詞-一般,シタシム,15421
,I,、,、,,補助記号-読点,,24
,I,離婚,離婚,リコン,名詞-普通名詞-サ変可能,リコン,39954
,I,し,為る,スル,動詞-非自立可能,スル,19537
,I,た,た,タ,助動詞,タ,21642
,I,前妻,前妻,ゼンサイ,名詞-普通名詞-一般,ゼンサイ,20805
,I,と,と,ト,助詞-格助詞,ト,25826
,I,の,の,ノ,助詞-格助詞,ノ,28989
,I,間,間,アイダ,名詞-普通名詞-副詞可能,アイダ,168
,I,に,に,ニ,助詞-格助詞,ニ,28178
,I,娘,娘,ムスメ,名詞-普通名詞-一般,ムスメ,37133
,I,が,が,ガ,助詞-格助詞,ガ,7889
,I,2,二,ニ,名詞-数詞,ニ,28181
,I,人,人,ニン,接尾辞-名詞的-一般,ニン,28632
,I,い,居る,イル,動詞-非自立可能,イル,2585
,I,ます,ます,マス,助動詞,マス,35697
,I,。,。,,補助記号-句点,,25
,B,:n::n:【,【,,補助記号-括弧開,,37
,I,6,六,ロク,名詞-数詞,ロク,40932
,I,0,ゼロ-zero,ゼロ,名詞-数詞,ゼロ,20754
,I,秒,秒,ビョウ,名詞-普通名詞-助数詞可能,ビョウ,32077
,I,で,で,デ,助詞-格助詞,デ,25518
,I,わかる,分かる,ワカル,動詞-一般,ワカル,41180
,I,動画,動画,ドウガ,名詞-普通名詞-一般,ドウガ,27000
,I,】,】,,補助記号-括弧閉,,38
,I,プーチン,プーチン-Putin,プーチン,名詞-固有名詞-人名-一般,プーチン,87774
,I,大統領,大統領,ダイトウリョウ,名詞-普通名詞-一般,ダイトウリョウ,23043
,I,って,って,ッテ,助詞-副助詞,ッテ,24319
,I,どんな,どんな,ドンナ,連体詞,ドンナ,27414
,I,人,人,ヒト,名詞-普通名詞-一般,ヒト,31500
,I,？,？,,補助記号-句点,,57
,B,幼少,幼少,ヨウショウ,名詞-普通名詞-一般,ヨウショウ,39076
,I,期,期,キ,名詞-普通名詞-助数詞可能,キ,8255
,I,の,の,ノ,助詞-格助詞,ノ,28989
,I,夢,夢,ユメ,名詞-普通名詞-一般,ユメ,38906
,I,は,は,ハ,助詞-係助詞,ハ,29321
,I,「,「,,補助記号-括弧開,,33
,I,スパイ,スパイ-spy,スパイ,名詞-普通名詞-サ変可能,スパイ,19362
,I,」,」,,補助記号-括弧閉,,34
,I,…,…,,補助記号-一般,,6
,I,プーチン,プーチン-Putin,プーチン,名詞-固有名詞-人名-一般,プーチン,87774
,I,と,と,ト,助詞-格助詞,ト,25826
,I,K,Ｋ,ケー,記号-文字,ケー,11455
,I,G,Ｇ,ジー,記号-文字,ジー,18833
,I,B,Ｂ,ビー,記号-文字,ビー,32144
,I,　,　,,空白,,23
,I,当時,当時,トウジ,名詞-普通名詞-副詞可能,トウジ,26011
,I,から,から,カラ,助詞-格助詞,カラ,7219
,I,「,「,,補助記号-括弧開,,33
,I,敵,敵,テキ,名詞-普通名詞-一般,テキ,25074
,I,は,は,ハ,助詞-係助詞,ハ,29321
,I,N,Ｎ,エヌ,記号-文字,エヌ,3936
,I,A,Ａ,エー,記号-文字,エー,4296
,I,T,Ｔ,ティー,記号-文字,ティー,24900
,I,O,Ｏ,オー,記号-文字,オー,5486
,I,」,」,,補助記号-括弧閉,,34
,I,（,（,,補助記号-括弧開,,46
,I,アーカイブ,アーカイブ-archive,アーカイブ,名詞-普通名詞-一般,アーカイブ,81276
,I,配信,配信,ハイシン,名詞-普通名詞-サ変可能,ハイシン,29401
,I,）,）,,補助記号-括弧閉,,49
,B,「,「,,補助記号-括弧開,,33
,I,冷たい,冷たい,ツメタイ,形容詞-一般,ツメタイ,24775
,I,男,男,オトコ,名詞-普通名詞-一般,オトコ,5063
,I,」,」,,補助記号-括弧閉,,34
,I,と,と,ト,助詞-格助詞,ト,25826
,I,は,は,ハ,助詞-係助詞,ハ,29321
,I,、,、,,補助記号-読点,,24
,I,どう,どう,ドウ,副詞,ドウ,26969
,I,も,も,モ,助詞-係助詞,モ,37562
,I,違う,違う,チガウ,動詞-一般,チガウ,23451
,I,…,…,,補助記号-一般,,6
,I,プーチン,プーチン-Putin,プーチン,名詞-固有名詞-人名-一般,プーチン,87774
,I,と,と,ト,助詞-格助詞,ト,25826
,I,会っ,会う,アウ,動詞-一般,アウ,241
,I,た,た,タ,助動詞,タ,21642
,I,人物,人物,ジンブツ,名詞-普通名詞-一般,ジンブツ,18820
,I,たち,達,タチ,接尾辞-名詞的-一般,タチ,22373
,I,の,の,ノ,助詞-格助詞,ノ,28989
,I,違和,違和,イワ,名詞-普通名詞-一般,イワ,2636
,I,感,感,カン,名詞-普通名詞-一般,カン,7459
,I,（,（,,補助記号-括弧開,,46
,I,アーカイブ,アーカイブ-archive,アーカイブ,名詞-普通名詞-一般,アーカイブ,81276
,I,配信,配信,ハイシン,名詞-普通名詞-サ変可能,ハイシン,29401
,I,）,）,,補助記号-括弧閉,,49
,B,Q,Ｑ,キュー,記号-文字,キュー,9113
,I,　,　,,空白,,23
,I,N,Ｎ,エヌ,記号-文字,エヌ,3936
,I,A,Ａ,エー,記号-文字,エー,4296
,I,T,Ｔ,ティー,記号-文字,ティー,24900
,I,O,Ｏ,オー,記号-文字,オー,5486
,I,って,って,ッテ,助詞-副助詞,ッテ,24319
,I,何,何,ナニ,代名詞,ナン,27920
,I,？,？,,補助記号-句点,,57
,I,　,　,,空白,,23
,I,なぜ,何故,ナゼ,副詞,ナゼ,27841
,I,ロシア,ロシア-Rossiya,ロシア,名詞-固有名詞-地名-国,ロシア,40961
,I,と,と,ト,助詞-格助詞,ト,25826
,I,対立,対立,タイリツ,名詞-普通名詞-サ変可能,タイリツ,21954
,I,し,為る,スル,動詞-非自立可能,スル,19537
,I,て,て,テ,助詞-接続助詞,テ,24874
,I,いる,居る,イル,動詞-非自立可能,イル,2585
,I,？,？,,補助記号-句点,,57
,B,A,Ａ,エー,記号-文字,エー,4296
,I,　,　,,空白,,23
,I,ロシア,ロシア-Rossiya,ロシア,名詞-固有名詞-地名-国,ロシア,40961
,I,は,は,ハ,助詞-係助詞,ハ,29321
,I,ウクライナ,ウクライナ-Ukraina,ウクライナ,名詞-固有名詞-地名-国,ウクライナ,3060
,I,へ,へ,ヘ,助詞-格助詞,ヘ,33819
,I,の,の,ノ,助詞-格助詞,ノ,28989
,I,侵攻,侵攻,シンコウ,名詞-普通名詞-サ変可能,シンコウ,17316
,I,を,を,ヲ,助詞-格助詞,ヲ,41407
,I,、,、,,補助記号-読点,,24
,I,N,Ｎ,エヌ,記号-文字,エヌ,3936
,I,A,Ａ,エー,記号-文字,エー,4296
,I,T,Ｔ,ティー,記号-文字,ティー,24900
,I,O,Ｏ,オー,記号-文字,オー,5486
,I,の,の,ノ,助詞-格助詞,ノ,28989
,I,脅威,脅威,キョウイ,名詞-普通名詞-一般,キョウイ,9153
,I,に,に,ニ,助詞-格助詞,ニ,28178
,I,対する,対する,タイスル,動詞-一般,タイスル,21823
,I,自衛,自衛,ジエイ,名詞-普通名詞-サ変可能,ジエイ,17750
,I,措置,措置,ソチ,名詞-普通名詞-サ変可能,ソチ,21327
,I,だ,だ,ダ,助動詞,ダ,22916
,I,とも,とも,トモ,助詞-接続助詞,トモ,26641
,I,説明,説明,セツメイ,名詞-普通名詞-サ変可能,セツメイ,20280
,I,し,為る,スル,動詞-非自立可能,スル,19537
,I,て,て,テ,助詞-接続助詞,テ,24874
,I,い,居る,イル,動詞-非自立可能,イル,2585
,I,ます,ます,マス,助動詞,マス,35697
,I,。,。,,補助記号-句点,,25
,I,プーチン,プーチン-Putin,プーチン,名詞-固有名詞-人名-一般,プーチン,87774
,I,氏,氏,シ,接尾辞-名詞的-一般,シ,14945
,I,は,は,ハ,助詞-係助詞,ハ,29321
,I,2,二,ニ,名詞-数詞,ニ,28181
,I,月,月,ガツ,名詞-普通名詞-助数詞可能,ガツ,8121
,I,2,二,ニ,名詞-数詞,ニ,28181
,I,4,四,ヨン,名詞-数詞,ヨン,39551
,I,日,日,カ,接尾辞-名詞的-助数詞,カ,5582
,I,の,の,ノ,助詞-格助詞,ノ,28989
,I,演説,演説,エンゼツ,名詞-普通名詞-サ変可能,エンゼツ,4225
,I,で,で,デ,助詞-格助詞,デ,25518
,I,「,「,,補助記号-括弧開,,33
,I,N,Ｎ,エヌ,記号-文字,エヌ,3936
,I,A,Ａ,エー,記号-文字,エー,4296
,I,T,Ｔ,ティー,記号-文字,ティー,24900
,I,O,Ｏ,オー,記号-文字,オー,5486
,I,は,は,ハ,助詞-係助詞,ハ,29321
,I,ロシア,ロシア-Rossiya,ロシア,名詞-固有名詞-地名-国,ロシア,40961
,I,を,を,ヲ,助詞-格助詞,ヲ,41407
,I,敵,敵,テキ,名詞-普通名詞-一般,テキ,25074
,I,と,と,ト,助詞-格助詞,ト,25826
,I,見なし,見なす,ミナス,動詞-一般,ミナス,36690
,I,て,て,テ,助詞-接続助詞,テ,24874
,I,ウクライナ,ウクライナ-Ukraina,ウクライナ,名詞-固有名詞-地名-国,ウクライナ,3060
,I,を,を,ヲ,助詞-格助詞,ヲ,41407
,I,支援,支援,シエン,名詞-普通名詞-サ変可能,シエン,15014
,I,し,為る,スル,動詞-非自立可能,スル,19537
,I,て,て,テ,助詞-接続助詞,テ,24874
,I,いる,居る,イル,動詞-非自立可能,イル,2585
,I,。,。,,補助記号-句点,,25
,I,いつ,何時,イツ,代名詞,イツ,2271
,I,か,か,カ,助詞-副助詞,カ,5568
,I,ロシア,ロシア-Rossiya,ロシア,名詞-固有名詞-地名-国,ロシア,40961
,I,を,を,ヲ,助詞-格助詞,ヲ,41407
,I,攻撃,攻撃,コウゲキ,名詞-普通名詞-サ変可能,コウゲキ,12009
,I,する,為る,スル,動詞-非自立可能,スル,19537
,I,」,」,,補助記号-括弧閉,,34
,I,と,と,ト,助詞-格助詞,ト,25826
,I,言い切っ,言い切る,イイキル,動詞-一般,イイキル,1529
,I,て,て,テ,助詞-接続助詞,テ,24874
,I,い,居る,イル,動詞-非自立可能,イル,2585
,I,ます,ます,マス,助動詞,マス,35697
,I,。,。,,補助記号-句点,,25
,B,:n:　,　,,空白,,23
,I,N,Ｎ,エヌ,記号-文字,エヌ,3936
,I,A,Ａ,エー,記号-文字,エー,4296
,I,T,Ｔ,ティー,記号-文字,ティー,24900
,I,O,Ｏ,オー,記号-文字,オー,5486
,I,は,は,ハ,助詞-係助詞,ハ,29321
,I,東西,東西,トウザイ,名詞-普通名詞-一般,トウザイ,25980
,I,冷戦,冷戦,レイセン,名詞-普通名詞-一般,レイセン,40602
,I,期,期,キ,名詞-普通名詞-助数詞可能,キ,8255
,I,の,の,ノ,助詞-格助詞,ノ,28989
,I,1,一,イチ,名詞-数詞,イチ,2050
,I,9,九,キュウ,名詞-数詞,キュウ,8929
,I,4,四,ヨン,名詞-数詞,ヨン,39551
,I,9,九,キュウ,名詞-数詞,キュウ,8929
,I,年,年,ネン,名詞-普通名詞-助数詞可能,ネン,28927
,I,、,、,,補助記号-読点,,24
,I,米英,米英,ベイエイ,名詞-普通名詞-一般,ベイエイ,34104
,I,仏,仏,ブツ,接尾辞-名詞的-一般,ブツ,33400
,I,など,など,ナド,助詞-副助詞,ナド,27905
,I,西側,西側,ニシガワ,名詞-普通名詞-一般,ニシガワ,28302
,I,陣営,陣営,ジンエイ,名詞-普通名詞-一般,ジンエイ,18772
,I,の,の,ノ,助詞-格助詞,ノ,28989
,I,1,一,イチ,名詞-数詞,イチ,2050
,I,2,二,ニ,名詞-数詞,ニ,28181
,I,カ国,箇国,カコク,名詞-普通名詞-助数詞可能,カコク,6330
,I,が,が,ガ,助詞-格助詞,ガ,7889
,I,、,、,,補助記号-読点,,24
,I,旧,旧,キュウ,名詞-普通名詞-一般,キュウ,94078
,I,ソ連,ソ連,ソレン,名詞-固有名詞-地名-国,ソレン,21466
,I,や,や,ヤ,助詞-副助詞,ヤ,38083
,I,社会,社会,シャカイ,名詞-普通名詞-一般,シャカイ,15869
,I,主義,主義,シュギ,名詞-普通名詞-一般,シュギ,16246
,I,陣営,陣営,ジンエイ,名詞-普通名詞-一般,ジンエイ,18772
,I,に,に,ニ,助詞-格助詞,ニ,28178
,I,対抗,対抗,タイコウ,名詞-普通名詞-サ変可能,タイコウ,21750
,I,する,為る,スル,動詞-非自立可能,スル,19537
,I,ため,為,タメ,名詞-普通名詞-副詞可能,タメ,22686
,I,に,に,ニ,助詞-格助詞,ニ,28178
,I,結成,結成,ケッセイ,名詞-普通名詞-サ変可能,ケッセイ,11151
,I,し,為る,スル,動詞-非自立可能,スル,19537
,I,た,た,タ,助動詞,タ,21642
,I,軍事,軍事,グンジ,名詞-普通名詞-一般,グンジ,10839
,I,同盟,同盟,ドウメイ,名詞-普通名詞-サ変可能,ドウメイ,27163
,I,です,です,デス,助動詞,デス,25653
,I,。,。,,補助記号-句点,,25
,I,防衛,防衛,ボウエイ,名詞-普通名詞-サ変可能,ボウエイ,35036
,I,を,を,ヲ,助詞-格助詞,ヲ,41407
,I,最大,最大,サイダイ,名詞-普通名詞-一般,サイダイ,13770
,I,の,の,ノ,助詞-格助詞,ノ,28989
,I,目的,目的,モクテキ,名詞-普通名詞-一般,モクテキ,37676
,I,と,と,ト,助詞-格助詞,ト,25826
,I,し,為る,スル,動詞-非自立可能,スル,19537
,I,、,、,,補助記号-読点,,24
,I,加盟,加盟,カメイ,名詞-普通名詞-サ変可能,カメイ,7157
,I,国,国,コク,接尾辞-名詞的-一般,コク,12504
,I,に,に,ニ,助詞-格助詞,ニ,28178
,I,対する,対する,タイスル,動詞-一般,タイスル,21823
,I,攻撃,攻撃,コウゲキ,名詞-普通名詞-サ変可能,コウゲキ,12009
,I,は,は,ハ,助詞-係助詞,ハ,29321
,I,全,全,ゼン,接頭辞,ゼン,20756
,I,加盟,加盟,カメイ,名詞-普通名詞-サ変可能,カメイ,7157
,I,国,国,コク,接尾辞-名詞的-一般,コク,12504
,I,へ,へ,ヘ,助詞-格助詞,ヘ,33819
,I,の,の,ノ,助詞-格助詞,ノ,28989
,I,攻撃,攻撃,コウゲキ,名詞-普通名詞-サ変可能,コウゲキ,12009
,I,と,と,ト,助詞-格助詞,ト,25826
,I,みなし,見なす,ミナス,動詞-一般,ミナス,36690
,I,て,て,テ,助詞-接続助詞,テ,24874
,I,集団,集団,シュウダン,名詞-普通名詞-一般,シュウダン,16166
,I,的,的,テキ,接尾辞-形状詞的,テキ,25076
,I,自衛,自衛,ジエイ,名詞-普通名詞-サ変可能,ジエイ,17750
,I,権,権,ケン,接尾辞-名詞的-一般,ケン,11254
,I,を,を,ヲ,助詞-格助詞,ヲ,41407
,I,行使,行使,コウシ,名詞-普通名詞-サ変可能,コウシ,12072
,I,する,為る,スル,動詞-非自立可能,スル,19537
,I,と,と,ト,助詞-格助詞,ト,25826
,I,規定,規定,キテイ,名詞-普通名詞-サ変可能,キテイ,8709
,I,し,為る,スル,動詞-非自立可能,スル,19537
,I,て,て,テ,助詞-接続助詞,テ,24874
,I,い,居る,イル,動詞-非自立可能,イル,2585
,I,ます,ます,マス,助動詞,マス,35697
,I,。,。,,補助記号-句点,,25
,B,:n:写真,写真,シャシン,名詞-普通名詞-一般,シャシン,15925
,I,・,・,,補助記号-一般,,44
,I,図版,図版,ズハン,名詞-普通名詞-一般,ズハン,19645
,B,ロシア,ロシア-Rossiya,ロシア,名詞-固有名詞-地名-国,ロシア,40961
,I,や,や,ヤ,助詞-副助詞,ヤ,38083
,I,ウクライナ,ウクライナ-Ukraina,ウクライナ,名詞-固有名詞-地名-国,ウクライナ,3060
,I,、,、,,補助記号-読点,,24
,I,NATO,,,名詞,,　
,I,加盟,加盟,カメイ,名詞-普通名詞-サ変可能,カメイ,7157
,I,国,国,コク,接尾辞-名詞的-一般,コク,12504
,I,の,の,ノ,助詞-格助詞,ノ,28989
,I,地図,地図,チズ,名詞-普通名詞-一般,チズ,23539
,B,　,　,,空白,,23
,I,N,Ｎ,エヌ,記号-文字,エヌ,3936
,I,A,Ａ,エー,記号-文字,エー,4296
,I,T,Ｔ,ティー,記号-文字,ティー,24900
,I,O,Ｏ,オー,記号-文字,オー,5486
,I,に,に,ニ,助詞-格助詞,ニ,28178
,I,対抗,対抗,タイコウ,名詞-普通名詞-サ変可能,タイコウ,21750
,I,する,為る,スル,動詞-非自立可能,スル,19537
,I,ため,為,タメ,名詞-普通名詞-副詞可能,タメ,22686
,I,に,に,ニ,助詞-格助詞,ニ,28178
,I,5,五,ゴ,名詞-数詞,ゴ,13327
,I,5,五,ゴ,名詞-数詞,ゴ,13327
,I,年,年,ネン,名詞-普通名詞-助数詞可能,ネン,28927
,I,、,、,,補助記号-読点,,24
,I,旧,旧,キュウ,名詞-普通名詞-一般,キュウ,94078
,I,ソ連,ソ連,ソレン,名詞-固有名詞-地名-国,ソレン,21466
,I,を,を,ヲ,助詞-格助詞,ヲ,41407
,I,中心,中心,チュウシン,名詞-普通名詞-一般,チュウシン,23828
,I,に,に,ニ,助詞-格助詞,ニ,28178
,I,結成,結成,ケッセイ,名詞-普通名詞-サ変可能,ケッセイ,11151
,I,さ,為る,スル,動詞-非自立可能,スル,19537
,I,れ,れる,レル,助動詞,レル,40741
,I,た,た,タ,助動詞,タ,21642
,I,ワルシャワ,ワルシャワ-Warszawa,ワルシャワ,名詞-固有名詞-地名-一般,ワルシャワ,41373
,I,条約,条約,ジョウヤク,名詞-普通名詞-一般,ジョウヤク,18639
,I,機構,機構,キコウ,名詞-普通名詞-一般,キコウ,8436
,I,は,は,ハ,助詞-係助詞,ハ,29321
,I,、,、,,補助記号-読点,,24
,I,冷戦,冷戦,レイセン,名詞-普通名詞-一般,レイセン,40602
,I,終結,終結,シュウケツ,名詞-普通名詞-サ変可能,シュウケツ,16096
,I,を,を,ヲ,助詞-格助詞,ヲ,41407
,I,受け,受ける,ウケル,動詞-一般,ウケル,3089
,I,て,て,テ,助詞-接続助詞,テ,24874
,I,9,九,キュウ,名詞-数詞,キュウ,8929
,I,1,一,イチ,名詞-数詞,イチ,2050
,I,年,年,ネン,名詞-普通名詞-助数詞可能,ネン,28927
,I,に,に,ニ,助詞-格助詞,ニ,28178
,I,解体,解体,カイタイ,名詞-普通名詞-サ変可能,カイタイ,5815
,I,さ,為る,スル,動詞-非自立可能,スル,19537
,I,れ,れる,レル,助動詞,レル,40741
,I,まし,ます,マス,助動詞,マス,35697
,I,た,た,タ,助動詞,タ,21642
,I,が,が,ガ,助詞-接続助詞,ガ,7888
,I,、,、,,補助記号-読点,,24
,I,N,Ｎ,エヌ,記号-文字,エヌ,3936
,I,A,Ａ,エー,記号-文字,エー,4296
,I,T,Ｔ,ティー,記号-文字,ティー,24900
,I,O,Ｏ,オー,記号-文字,オー,5486
,I,は,は,ハ,助詞-係助詞,ハ,29321
,I,その,其の,ソノ,連体詞,ソノ,21394
,I,後,後,アト,名詞-普通名詞-副詞可能,アト,856
,I,も,も,モ,助詞-係助詞,モ,37562
,I,存続,存続,ソンゾク,名詞-普通名詞-サ変可能,ソンゾク,21502
,I,し,為る,スル,動詞-非自立可能,スル,19537
,I,まし,ます,マス,助動詞,マス,35697
,I,た,た,タ,助動詞,タ,21642
,I,。,。,,補助記号-句点,,25
,B,:n:　,　,,空白,,23
,I,冷戦,冷戦,レイセン,名詞-普通名詞-一般,レイセン,40602
,I,の,の,ノ,助詞-格助詞,ノ,28989
,I,終結,終結,シュウケツ,名詞-普通名詞-サ変可能,シュウケツ,16096
,I,に,に,ニ,助詞-格助詞,ニ,28178
,I,続く,続く,ツヅク,動詞-非自立可能,ツヅク,24648
,I,ソ連,ソ連,ソレン,名詞-固有名詞-地名-国,ソレン,21466
,I,の,の,ノ,助詞-格助詞,ノ,28989
,I,崩壊,崩壊,ホウカイ,名詞-普通名詞-サ変可能,ホウカイ,34402
,I,で,で,デ,助詞-格助詞,デ,25518
,I,、,、,,補助記号-読点,,24
,I,ロシア,ロシア-Rossiya,ロシア,名詞-固有名詞-地名-国,ロシア,40961
,I,と,と,ト,助詞-格助詞,ト,25826
,I,互い,互い,タガイ,名詞-普通名詞-一般,タガイ,22116
,I,に,に,ニ,助詞-格助詞,ニ,28178
,I,協力,協力,キョウリョク,名詞-普通名詞-サ変可能,キョウリョク,9346
,I,関係,関係,カンケイ,名詞-普通名詞-サ変可能,カンケイ,7546
,I,を,を,ヲ,助詞-格助詞,ヲ,41407
,I,模索,模索,モサク,名詞-普通名詞-サ変可能,モサク,37706
,I,し,為る,スル,動詞-非自立可能,スル,19537
,I,た,た,タ,助動詞,タ,21642
,I,時期,時期,ジキ,名詞-普通名詞-副詞可能,ジキ,17777
,I,も,も,モ,助詞-係助詞,モ,37562
,I,あり,有る,アル,動詞-非自立可能,アル,1216
,I,まし,ます,マス,助動詞,マス,35697
,I,た,た,タ,助動詞,タ,21642
,I,が,が,ガ,助詞-接続助詞,ガ,7888
,I,、,、,,補助記号-読点,,24
,I,9,九,キュウ,名詞-数詞,キュウ,8929
,I,9,九,キュウ,名詞-数詞,キュウ,8929
,I,年,年,ネン,名詞-普通名詞-助数詞可能,ネン,28927
,I,以降,以降,イコウ,名詞-普通名詞-副詞可能,イコウ,1770
,I,、,、,,補助記号-読点,,24
,I,ソ連,ソ連,ソレン,名詞-固有名詞-地名-国,ソレン,21466
,I,に,に,ニ,助詞-格助詞,ニ,28178
,I,よる,因る,ヨル,動詞-一般,ヨル,39521
,I,侵攻,侵攻,シンコウ,名詞-普通名詞-サ変可能,シンコウ,17316
,I,や,や,ヤ,助詞-副助詞,ヤ,38083
,I,支配,支配,シハイ,名詞-普通名詞-サ変可能,シハイ,15647
,I,を,を,ヲ,助詞-格助詞,ヲ,41407
,I,受け,受ける,ウケル,動詞-一般,ウケル,3089
,I,た,た,タ,助動詞,タ,21642
,I,経験,経験,ケイケン,名詞-普通名詞-サ変可能,ケイケン,10925
,I,が,が,ガ,助詞-格助詞,ガ,7889
,I,ある,有る,アル,動詞-非自立可能,アル,1216
,I,ポーランド,ポーランド-Poland,ポーランド,名詞-固有名詞-地名-国,ポーランド,35365
,I,や,や,ヤ,助詞-副助詞,ヤ,38083
,I,旧,旧,キュウ,名詞-普通名詞-一般,キュウ,94078
,I,ソ連,ソ連,ソレン,名詞-固有名詞-地名-国,ソレン,21466
,I,構成,構成,コウセイ,名詞-普通名詞-サ変可能,コウセイ,12169
,I,国,国,コク,接尾辞-名詞的-一般,コク,12504
,I,の,の,ノ,助詞-格助詞,ノ,28989
,I,バルト,バルト,バルト,名詞-普通名詞-一般,バルト,221152
,I,諸国,諸国,ショコク,名詞-普通名詞-一般,ショコク,16976
,I,など,など,ナド,助詞-副助詞,ナド,27905
,I,が,が,ガ,助詞-格助詞,ガ,7889
,I,、,、,,補助記号-読点,,24
,I,ロシア,ロシア-Rossiya,ロシア,名詞-固有名詞-地名-国,ロシア,40961
,I,から,から,カラ,助詞-格助詞,カラ,7219
,I,身,身,ミ,名詞-普通名詞-一般,ミ,36235
,I,を,を,ヲ,助詞-格助詞,ヲ,41407
,I,守る,守る,マモル,動詞-一般,マモル,36011
,I,ため,為,タメ,名詞-普通名詞-副詞可能,タメ,22686
,I,と,と,ト,助詞-格助詞,ト,25826
,I,し,為る,スル,動詞-非自立可能,スル,19537
,I,て,て,テ,助詞-接続助詞,テ,24874
,I,次々,次々,ツギツギ,副詞,ツギツギ,24531
,I,に,に,ニ,助詞-格助詞,ニ,28178
,I,N,Ｎ,エヌ,記号-文字,エヌ,3936
,I,A,Ａ,エー,記号-文字,エー,4296
,I,T,Ｔ,ティー,記号-文字,ティー,24900
,I,O,Ｏ,オー,記号-文字,オー,5486
,I,に,に,ニ,助詞-格助詞,ニ,28178
,I,加盟,加盟,カメイ,名詞-普通名詞-サ変可能,カメイ,7157
,I,。,。,,補助記号-句点,,25
,I,現在,現在,ゲンザイ,名詞-普通名詞-副詞可能,ゲンザイ,11666
,I,は,は,ハ,助詞-係助詞,ハ,29321
,I,3,三,サン,名詞-数詞,サン,14499
,I,0,ゼロ-zero,ゼロ,名詞-数詞,ゼロ,20754
,I,カ国,箇国,カコク,名詞-普通名詞-助数詞可能,カコク,6330
,I,に,に,ニ,助詞-格助詞,ニ,28178
,I,まで,まで,マデ,助詞-副助詞,マデ,35891
,I,拡大,拡大,カクダイ,名詞-普通名詞-サ変可能,カクダイ,6199
,I,し,為る,スル,動詞-非自立可能,スル,19537
,I,て,て,テ,助詞-接続助詞,テ,24874
,I,い,居る,イル,動詞-非自立可能,イル,2585
,I,ます,ます,マス,助動詞,マス,35697
,I,。,。,,補助記号-句点,,25
,I,2,二,ニ,名詞-数詞,ニ,28181
,I,0,ゼロ-zero,ゼロ,名詞-数詞,ゼロ,20754
,I,0,ゼロ-zero,ゼロ,名詞-数詞,ゼロ,20754
,I,8,八,ハチ,名詞-数詞,ハチ,29802
,I,年,年,ネン,名詞-普通名詞-助数詞可能,ネン,28927
,I,に,に,ニ,助詞-格助詞,ニ,28178
,I,は,は,ハ,助詞-係助詞,ハ,29321
,I,、,、,,補助記号-読点,,24
,I,ウクライナ,ウクライナ-Ukraina,ウクライナ,名詞-固有名詞-地名-国,ウクライナ,3060
,I,や,や,ヤ,助詞-副助詞,ヤ,38083
,I,ジョージア,ジョージア-Georgia,ジョージア,名詞-固有名詞-地名-一般,ジョージア,18732
,I,が,が,ガ,助詞-格助詞,ガ,7889
,I,将来,将来,ショウライ,名詞-普通名詞-副詞可能,ショウライ,16869
,I,的,的,テキ,接尾辞-形状詞的,テキ,25076
,I,な,だ,ダ,助動詞,ダ,22916
,I,加盟,加盟,カメイ,名詞-普通名詞-サ変可能,カメイ,7157
,I,国,国,コク,接尾辞-名詞的-一般,コク,12504
,I,と,と,ト,助詞-格助詞,ト,25826
,I,認め,認める,ミトメル,動詞-一般,ミトメル,36659
,I,られ,られる,ラレル,助動詞,ラレル,39787
,I,まし,ます,マス,助動詞,マス,35697
,I,た,た,タ,助動詞,タ,21642
,I,。,。,,補助記号-句点,,25
,B,:n:写真,写真,シャシン,名詞-普通名詞-一般,シャシン,15925
,I,・,・,,補助記号-一般,,44
,I,図版,図版,ズハン,名詞-普通名詞-一般,ズハン,19645
,B,ウクライナ,ウクライナ-Ukraina,ウクライナ,名詞-固有名詞-地名-国,ウクライナ,3060
,I,国境,国境,コッキョウ,名詞-普通名詞-一般,コッキョウ,12788
,I,周辺,周辺,シュウヘン,名詞-普通名詞-一般,シュウヘン,16201
,I,に,に,ニ,助詞-格助詞,ニ,28178
,I,集め,集める,アツメル,動詞-一般,アツメル,832
,I,られ,られる,ラレル,助動詞,ラレル,39787
,I,た,た,タ,助動詞,タ,21642
,I,ロシア,ロシア-Rossiya,ロシア,名詞-固有名詞-地名-国,ロシア,40961
,I,軍,軍,グン,名詞-普通名詞-一般,グン,10829
,I,の,の,ノ,助詞-格助詞,ノ,28989
,I,部隊,部隊,ブタイ,名詞-普通名詞-一般,ブタイ,33356
,B,　,　,,空白,,23
,I,不信,不信,フシン,名詞-普通名詞-一般,フシン,32762
,I,を,を,ヲ,助詞-格助詞,ヲ,41407
,I,募ら,募る,ツノル,動詞-一般,ツノル,24701
,I,せ,せる,セル,助動詞,セル,20355
,I,た,た,タ,助動詞,タ,21642
,I,ロシア,ロシア-Rossiya,ロシア,名詞-固有名詞-地名-国,ロシア,40961
,I,は,は,ハ,助詞-係助詞,ハ,29321
,I,「,「,,補助記号-括弧開,,33
,I,東方,東方,トウホウ,名詞-普通名詞-一般,トウホウ,26131
,I,拡大,拡大,カクダイ,名詞-普通名詞-サ変可能,カクダイ,6199
,I,し,為る,スル,動詞-非自立可能,スル,19537
,I,ない,ない,ナイ,助動詞,ナイ,27438
,I,と,と,ト,助詞-格助詞,ト,25826
,I,いう,言う,イウ,動詞-一般,ユウ,1571
,I,約束,約束,ヤクソク,名詞-普通名詞-サ変可能,ヤクソク,38182
,I,を,を,ヲ,助詞-格助詞,ヲ,41407
,I,N,Ｎ,エヌ,記号-文字,エヌ,3936
,I,A,Ａ,エー,記号-文字,エー,4296
,I,T,Ｔ,ティー,記号-文字,ティー,24900
,I,O,Ｏ,オー,記号-文字,オー,5486
,I,が,が,ガ,助詞-格助詞,ガ,7889
,I,破っ,破る,ヤブル,動詞-一般,ヤブル,38404
,I,た,た,タ,助動詞,タ,21642
,I,」,」,,補助記号-括弧閉,,34
,I,と,と,ト,助詞-格助詞,ト,25826
,I,主張,主張,シュチョウ,名詞-普通名詞-サ変可能,シュチョウ,16338
,I,し,為る,スル,動詞-非自立可能,スル,19537
,I,、,、,,補助記号-読点,,24
,I,ロシア,ロシア-Rossiya,ロシア,名詞-固有名詞-地名-国,ロシア,40961
,I,へ,へ,ヘ,助詞-格助詞,ヘ,33819
,I,の,の,ノ,助詞-格助詞,ノ,28989
,I,直接,直接,チョクセツ,名詞-普通名詞-サ変形状詞可能,チョクセツ,24153
,I,的,的,テキ,接尾辞-形状詞的,テキ,25076
,I,な,だ,ダ,助動詞,ダ,22916
,I,脅威,脅威,キョウイ,名詞-普通名詞-一般,キョウイ,9153
,I,だ,だ,ダ,助動詞,ダ,22916
,I,と,と,ト,助詞-格助詞,ト,25826
,I,し,為る,スル,動詞-非自立可能,スル,19537
,I,て,て,テ,助詞-接続助詞,テ,24874
,I,対立,対立,タイリツ,名詞-普通名詞-サ変可能,タイリツ,21954
,I,姿勢,姿勢,シセイ,名詞-普通名詞-一般,シセイ,15362
,I,を,を,ヲ,助詞-格助詞,ヲ,41407
,I,強め,強める,ツヨメル,動詞-一般,ツヨメル,24798
,I,て,て,テ,助詞-接続助詞,テ,24874
,I,い,居る,イル,動詞-非自立可能,イル,2585
,I,ます,ます,マス,助動詞,マス,35697
,I,。,。,,補助記号-句点,,25
,I,プーチン,プーチン-Putin,プーチン,名詞-固有名詞-人名-一般,プーチン,87774
,I,氏,氏,シ,接尾辞-名詞的-一般,シ,14945
,I,に,に,ニ,助詞-格助詞,ニ,28178
,I,は,は,ハ,助詞-係助詞,ハ,29321
,I,「,「,,補助記号-括弧開,,33
,I,N,Ｎ,エヌ,記号-文字,エヌ,3936
,I,A,Ａ,エー,記号-文字,エー,4296
,I,T,Ｔ,ティー,記号-文字,ティー,24900
,I,O,Ｏ,オー,記号-文字,オー,5486
,I,に,に,ニ,助詞-格助詞,ニ,28178
,I,だまさ,騙す,ダマス,動詞-一般,ダマス,23252
,I,れ,れる,レル,助動詞,レル,40741
,I,た,た,タ,助動詞,タ,21642
,I,」,」,,補助記号-括弧閉,,34
,I,と,と,ト,助詞-格助詞,ト,25826
,I,の,の,ノ,助詞-格助詞,ノ,28989
,I,怒り,怒り,イカリ,名詞-普通名詞-一般,イカリ,1626
,I,が,が,ガ,助詞-格助詞,ガ,7889
,I,ある,有る,アル,動詞-非自立可能,アル,1216
,I,と,と,ト,助詞-格助詞,ト,25826
,I,も,も,モ,助詞-係助詞,モ,37562
,I,言わ,言う,イウ,動詞-一般,イウ,1571
,I,れ,れる,レル,助動詞,レル,40741
,I,ます,ます,マス,助動詞,マス,35697
,I,が,が,ガ,助詞-接続助詞,ガ,7888
,I,、,、,,補助記号-読点,,24
,I,ロシア,ロシア-Rossiya,ロシア,名詞-固有名詞-地名-国,ロシア,40961
,I,側,側,ガワ,名詞-普通名詞-一般,ガワ,8181
,I,が,が,ガ,助詞-格助詞,ガ,7889
,I,主張,主張,シュチョウ,名詞-普通名詞-サ変可能,シュチョウ,16338
,I,する,為る,スル,動詞-非自立可能,スル,19537
,I,「,「,,補助記号-括弧開,,33
,I,約束,約束,ヤクソク,名詞-普通名詞-サ変可能,ヤクソク,38182
,I,」,」,,補助記号-括弧閉,,34
,I,は,は,ハ,助詞-係助詞,ハ,29321
,I,文書,文書,ブンショ,名詞-普通名詞-一般,ブンショ,33593
,I,に,に,ニ,助詞-格助詞,ニ,28178
,I,残っ,残る,ノコル,動詞-一般,ノコル,29096
,I,て,て,テ,助詞-接続助詞,テ,24874
,I,おら,居る,オル,動詞-非自立可能,オル,5360
,I,ず,ず,ズ,助動詞,ヌ,19587
,I,、,、,,補助記号-読点,,24
,I,欧米,欧米,オウベイ,名詞-普通名詞-一般,オウベイ,4486
,I,側,側,ガワ,名詞-普通名詞-一般,ガワ,8181
,I,は,は,ハ,助詞-係助詞,ハ,29321
,I,否定,否定,ヒテイ,名詞-普通名詞-サ変可能,ヒテイ,31476
,I,し,為る,スル,動詞-非自立可能,スル,19537
,I,て,て,テ,助詞-接続助詞,テ,24874
,I,い,居る,イル,動詞-非自立可能,イル,2585
,I,ます,ます,マス,助動詞,マス,35697
,I,。,。,,補助記号-句点,,25
,B,:n:　,　,,空白,,23
,I,N,Ｎ,エヌ,記号-文字,エヌ,3936
,I,A,Ａ,エー,記号-文字,エー,4296
,I,T,Ｔ,ティー,記号-文字,ティー,24900
,I,O,Ｏ,オー,記号-文字,オー,5486
,I,が,が,ガ,助詞-格助詞,ガ,7889
,I,拡大,拡大,カクダイ,名詞-普通名詞-サ変可能,カクダイ,6199
,I,を,を,ヲ,助詞-格助詞,ヲ,41407
,I,続ける,続ける,ツヅケル,動詞-非自立可能,ツヅケル,24649
,I,こと,事,コト,名詞-普通名詞-一般,コト,12836
,I,の,の,ノ,助詞-格助詞,ノ,28989
,I,是非,是非,ゼヒ,名詞-普通名詞-サ変可能,ゼヒ,20749
,I,に,に,ニ,助詞-格助詞,ニ,28178
,I,つい,つく,ツク,動詞-一般,ツク,24536
,I,て,て,テ,助詞-接続助詞,テ,24874
,I,は,は,ハ,助詞-係助詞,ハ,29321
,I,、,、,,補助記号-読点,,24
,I,欧米,欧米,オウベイ,名詞-普通名詞-一般,オウベイ,4486
,I,で,で,デ,助詞-格助詞,デ,25518
,I,も,も,モ,助詞-係助詞,モ,37562
,I,議論,議論,ギロン,名詞-普通名詞-サ変可能,ギロン,9967
,I,が,が,ガ,助詞-格助詞,ガ,7889
,I,あり,有る,アル,動詞-非自立可能,アル,1216
,I,ます,ます,マス,助動詞,マス,35697
,I,。,。,,補助記号-句点,,25
,I,一方,一方,イッポウ,名詞-普通名詞-副詞可能,イッポウ,2268
,I,で,で,デ,助詞-格助詞,デ,25518
,I,、,、,,補助記号-読点,,24
,I,NATO,,,名詞,,　
,I,側,側,ガワ,名詞-普通名詞-一般,ガワ,8181
,I,に,に,ニ,助詞-格助詞,ニ,28178
,I,全て,全て,スベテ,名詞-普通名詞-副詞可能,スベテ,19398
,I,の,の,ノ,助詞-格助詞,ノ,28989
,I,非,非,ヒ,名詞-普通名詞-一般,ヒ,31106
,I,が,が,ガ,助詞-格助詞,ガ,7889
,I,ある,有る,アル,動詞-非自立可能,アル,1216
,I,と,と,ト,助詞-格助詞,ト,25826
,I,する,為る,スル,動詞-非自立可能,スル,19537
,I,ロシア,ロシア-Rossiya,ロシア,名詞-固有名詞-地名-国,ロシア,40961
,I,の,の,ノ,助詞-格助詞,ノ,28989
,I,主張,主張,シュチョウ,名詞-普通名詞-サ変可能,シュチョウ,16338
,I,に,に,ニ,助詞-格助詞,ニ,28178
,I,も,も,モ,助詞-係助詞,モ,37562
,I,無理,無理,ムリ,名詞-普通名詞-形状詞可能,ムリ,37216
,I,が,が,ガ,助詞-格助詞,ガ,7889
,I,あり,有る,アル,動詞-非自立可能,アル,1216
,I,、,、,,補助記号-読点,,24
,I,外敵,外敵,ガイテキ,名詞-普通名詞-一般,ガイテキ,55588
,I,を,を,ヲ,助詞-格助詞,ヲ,41407
,I,つくる,作る,ツクル,動詞-一般,ツクル,24562
,I,こと,事,コト,名詞-普通名詞-一般,コト,12836
,I,で,で,デ,助詞-格助詞,デ,25518
,I,国内,国内,コクナイ,名詞-普通名詞-一般,コクナイ,12558
,I,世論,輿論,ヨロン,名詞-普通名詞-一般,ヨロン,39540
,I,を,を,ヲ,助詞-格助詞,ヲ,41407
,I,まとめ,纏める,マトメル,動詞-一般,マトメル,35906
,I,たい,たい,タイ,助動詞,タイ,21652
,I,プーチン,プーチン-Putin,プーチン,名詞-固有名詞-人名-一般,プーチン,87774
,I,政権,政権,セイケン,名詞-普通名詞-一般,セイケン,19771
,I,の,の,ノ,助詞-格助詞,ノ,28989
,I,思惑,思惑,オモワク,名詞-普通名詞-一般,オモワク,5289
,I,も,も,モ,助詞-係助詞,モ,37562
,I,あり,有る,アル,動詞-非自立可能,アル,1216
,I,そう,そう-様態,ソウ,形状詞-助動詞語幹,ソウ,20934
,I,です,です,デス,助動詞,デス,25653
,I,。,。,,補助記号-句点,,25
,B,:n::n:【,【,,補助記号-括弧開,,37
,I,6,六,ロク,名詞-数詞,ロク,40932
,I,0,ゼロ-zero,ゼロ,名詞-数詞,ゼロ,20754
,I,秒,秒,ビョウ,名詞-普通名詞-助数詞可能,ビョウ,32077
,I,で,で,デ,助詞-格助詞,デ,25518
,I,わかる,分かる,ワカル,動詞-一般,ワカル,41180
,I,動画,動画,ドウガ,名詞-普通名詞-一般,ドウガ,27000
,I,】,】,,補助記号-括弧閉,,38
,I,N,Ｎ,エヌ,記号-文字,エヌ,3936
,I,A,Ａ,エー,記号-文字,エー,4296
,I,T,Ｔ,ティー,記号-文字,ティー,24900
,I,O,Ｏ,オー,記号-文字,オー,5486
,I,と,と,ト,助詞-格助詞,ト,25826
,I,は,は,ハ,助詞-係助詞,ハ,29321
,I,？,？,,補助記号-句点,,57
,B,プーチン,プーチン-Putin,プーチン,名詞-固有名詞-人名-一般,プーチン,87774
,I,氏,氏,シ,接尾辞-名詞的-一般,シ,14945
,I,が,が,ガ,助詞-格助詞,ガ,7889
,I,よく,良く,ヨク,副詞,ヨク,39182
,I,知る,知る,シル,動詞-一般,シル,17162
,I,、,、,,補助記号-読点,,24
,I,N,Ｎ,エヌ,記号-文字,エヌ,3936
,I,A,Ａ,エー,記号-文字,エー,4296
,I,T,Ｔ,ティー,記号-文字,ティー,24900
,I,O,Ｏ,オー,記号-文字,オー,5486
,I,の,の,ノ,助詞-格助詞,ノ,28989
,I,「,「,,補助記号-括弧開,,33
,I,弱点,弱点,ジャクテン,名詞-普通名詞-一般,ジャクテン,18082
,I,」,」,,補助記号-括弧閉,,34
,I,　,　,,空白,,23
,I,ウクライナ,ウクライナ-Ukraina,ウクライナ,名詞-固有名詞-地名-国,ウクライナ,3060
,I,危機,危機,キキ,名詞-普通名詞-一般,キキ,8347
,I,の,の,ノ,助詞-格助詞,ノ,28989
,I,深層,深層,シンソウ,名詞-普通名詞-一般,シンソウ,17435
,B,S,Ｓ,エス,記号-文字,エス,3819
,I,N,Ｎ,エヌ,記号-文字,エヌ,3936
,I,S,Ｓ,エス,記号-文字,エス,3819
,I,情報,情報,ジョウホウ,名詞-普通名詞-一般,ジョウホウ,18630
,I,戦,戦,セン,接尾辞-名詞的-一般,セン,20379
,I,「,「,,補助記号-括弧開,,33
,I,ウクライナ,ウクライナ-Ukraina,ウクライナ,名詞-固有名詞-地名-国,ウクライナ,3060
,I,勝利,勝利,ショウリ,名詞-普通名詞-サ変可能,ショウリ,16875
,I,」,」,,補助記号-括弧閉,,34
,I,　,　,,空白,,23
,I,戦略,戦略,センリャク,名詞-普通名詞-一般,センリャク,20666
,I,家,家,カ,接尾辞-名詞的-一般,カ,5580
,I,が,が,ガ,助詞-格助詞,ガ,7889
,I,語る,語る,カタル,動詞-一般,カタル,6689
,I,プーチン,プーチン-Putin,プーチン,名詞-固有名詞-人名-一般,プーチン,87774
,I,氏,氏,シ,接尾辞-名詞的-一般,シ,14945
,I,の,の,ノ,助詞-格助詞,ノ,28989
,I,「,「,,補助記号-括弧開,,33
,I,崩壊,崩壊,ホウカイ,名詞-普通名詞-サ変可能,ホウカイ,34402
,I,」,」,,補助記号-括弧閉,,34
,B,Q,Ｑ,キュー,記号-文字,キュー,9113
,I,　,　,,空白,,23
,I,「,「,,補助記号-括弧開,,33
,I,ウクライナ,ウクライナ-Ukraina,ウクライナ,名詞-固有名詞-地名-国,ウクライナ,3060
,I,危機,危機,キキ,名詞-普通名詞-一般,キキ,8347
,I,」,」,,補助記号-括弧閉,,34
,I,の,の,ノ,助詞-格助詞,ノ,28989
,I,世界,世界,セカイ,名詞-普通名詞-一般,セカイ,20054
,I,経済,経済,ケイザイ,名詞-普通名詞-一般,ケイザイ,10945
,I,へ,へ,ヘ,助詞-格助詞,ヘ,33819
,I,の,の,ノ,助詞-格助詞,ノ,28989
,I,影響,影響,エイキョウ,名詞-普通名詞-サ変可能,エイキョウ,3645
,I,は,は,ハ,助詞-係助詞,ハ,29321
,I,？,？,,補助記号-句点,,57
,B,A,Ａ,エー,記号-文字,エー,4296
,I,　,　,,空白,,23
,I,ウクライナ,ウクライナ-Ukraina,ウクライナ,名詞-固有名詞-地名-国,ウクライナ,3060
,I,へ,へ,ヘ,助詞-格助詞,ヘ,33819
,I,の,の,ノ,助詞-格助詞,ノ,28989
,I,侵攻,侵攻,シンコウ,名詞-普通名詞-サ変可能,シンコウ,17316
,I,を,を,ヲ,助詞-格助詞,ヲ,41407
,I,続ける,続ける,ツヅケル,動詞-非自立可能,ツヅケル,24649
,I,ロシア,ロシア-Rossiya,ロシア,名詞-固有名詞-地名-国,ロシア,40961
,I,の,の,ノ,助詞-格助詞,ノ,28989
,I,プーチン,プーチン-Putin,プーチン,名詞-固有名詞-人名-一般,プーチン,87774
,I,政権,政権,セイケン,名詞-普通名詞-一般,セイケン,19771
,I,の,の,ノ,助詞-格助詞,ノ,28989
,I,財源,財源,ザイゲン,名詞-普通名詞-一般,ザイゲン,14777
,I,を,を,ヲ,助詞-格助詞,ヲ,41407
,I,断とう,断つ,タツ,動詞-一般,タツ,22435
,I,と,と,ト,助詞-接続助詞,ト,25825
,I,、,、,,補助記号-読点,,24
,I,米国,米国,ベイコク,名詞-固有名詞-地名-国,ベイコク,34111
,I,や,や,ヤ,助詞-副助詞,ヤ,38083
,I,欧州,オウシュウ-外国,オウシュウ,名詞-固有名詞-地名-一般,オウシュウ,4437
,I,は,は,ハ,助詞-係助詞,ハ,29321
,I,厳しい,厳しい,キビシイ,形容詞-一般,キビシイ,8793
,I,経済,経済,ケイザイ,名詞-普通名詞-一般,ケイザイ,10945
,I,制裁,制裁,セイサイ,名詞-普通名詞-サ変可能,セイサイ,19793
,I,を,を,ヲ,助詞-格助詞,ヲ,41407
,I,科し,科する,カスル,動詞-一般,カスル,6514
,I,、,、,,補助記号-読点,,24
,I,ロシア,ロシア-Rossiya,ロシア,名詞-固有名詞-地名-国,ロシア,40961
,I,産,産,サン,接尾辞-名詞的-一般,サン,14503
,I,の,の,ノ,助詞-格助詞,ノ,28989
,I,原油,原油,ゲンユ,名詞-普通名詞-一般,ゲンユ,11765
,I,や,や,ヤ,助詞-副助詞,ヤ,38083
,I,天然,天然,テンネン,名詞-普通名詞-一般,テンネン,25460
,I,ガス,ガス-gas,ガス,名詞-普通名詞-一般,ガス,8064
,I,、,、,,補助記号-読点,,24
,I,石炭,石炭,セキタン,名詞-普通名詞-一般,セキタン,20097
,I,など,など,ナド,助詞-副助詞,ナド,27905
,I,の,の,ノ,助詞-格助詞,ノ,28989
,I,輸入,輸入,ユニュウ,名詞-普通名詞-サ変可能,ユニュウ,38877
,I,も,も,モ,助詞-係助詞,モ,37562
,I,減らそう,減らす,ヘラス,動詞-一般,ヘラス,33975
,I,と,と,ト,助詞-格助詞,ト,25826
,I,し,為る,スル,動詞-非自立可能,スル,19537
,I,て,て,テ,助詞-接続助詞,テ,24874
,I,い,居る,イル,動詞-非自立可能,イル,2585
,I,ます,ます,マス,助動詞,マス,35697
,I,。,。,,補助記号-句点,,25
,I,ただ,唯,タダ,接続詞,タダ,22342
,I,、,、,,補助記号-読点,,24
,I,資源,資源,シゲン,名詞-普通名詞-一般,シゲン,15221
,I,大国,大国,タイコク,名詞-普通名詞-一般,タイコク,21755
,I,の,の,ノ,助詞-格助詞,ノ,28989
,I,ロシア,ロシア-Rossiya,ロシア,名詞-固有名詞-地名-国,ロシア,40961
,I,から,から,カラ,助詞-格助詞,カラ,7219
,I,各国,各国,カッコク,名詞-普通名詞-一般,カッコク,6739
,I,へ,へ,ヘ,助詞-格助詞,ヘ,33819
,I,の,の,ノ,助詞-格助詞,ノ,28989
,I,供給,供給,キョウキュウ,名詞-普通名詞-サ変可能,キョウキュウ,9187
,I,が,が,ガ,助詞-格助詞,ガ,7889
,I,大きく,大きい,オオキイ,形容詞-一般,オオキイ,4563
,I,減れ,減る,ヘル,動詞-一般,ヘル,33982
,I,ば,ば,バ,助詞-接続助詞,バ,30503
,I,、,、,,補助記号-読点,,24
,I,世界,世界,セカイ,名詞-普通名詞-一般,セカイ,20054
,I,的,的,テキ,接尾辞-形状詞的,テキ,25076
,I,な,だ,ダ,助動詞,ダ,22916
,I,エネルギー,エネルギー-energy,エネルギー,名詞-普通名詞-一般,エネルギー,3965
,I,価格,価格,カカク,名詞-普通名詞-一般,カカク,6003
,I,の,の,ノ,助詞-格助詞,ノ,28989
,I,上昇,上昇,ジョウショウ,名詞-普通名詞-サ変可能,ジョウショウ,18542
,I,に,に,ニ,助詞-格助詞,ニ,28178
,I,つながり,繋がる,ツナガル,動詞-一般,ツナガル,24672
,I,、,、,,補助記号-読点,,24
,I,その,其の,ソノ,連体詞,ソノ,21394
,I,影響,影響,エイキョウ,名詞-普通名詞-サ変可能,エイキョウ,3645
,I,は,は,ハ,助詞-係助詞,ハ,29321
,I,日本,日本,ニッポン,名詞-固有名詞-地名-国,ニッポン,28455
,I,の,の,ノ,助詞-格助詞,ノ,28989
,I,経済,経済,ケイザイ,名詞-普通名詞-一般,ケイザイ,10945
,I,に,に,ニ,助詞-格助詞,ニ,28178
,I,も,も,モ,助詞-係助詞,モ,37562
,I,及び,及ぶ,オヨブ,動詞-一般,オヨブ,5317
,I,ます,ます,マス,助動詞,マス,35697
,I,。,。,,補助記号-句点,,25
,B,:n:　,　,,空白,,23
,I,ロシア,ロシア-Rossiya,ロシア,名詞-固有名詞-地名-国,ロシア,40961
,I,は,は,ハ,助詞-係助詞,ハ,29321
,I,天然,天然,テンネン,名詞-普通名詞-一般,テンネン,25460
,I,ガス,ガス-gas,ガス,名詞-普通名詞-一般,ガス,8064
,I,の,の,ノ,助詞-格助詞,ノ,28989
,I,輸出,輸出,ユシュツ,名詞-普通名詞-サ変可能,ユシュツ,38828
,I,で,で,デ,助詞-格助詞,デ,25518
,I,世界,世界,セカイ,名詞-普通名詞-一般,セカイ,20054
,I,1,一,イチ,名詞-数詞,イチ,2050
,I,位,位,イ,接尾辞-名詞的-一般,イ,276821
,I,、,、,,補助記号-読点,,24
,I,原油,原油,ゲンユ,名詞-普通名詞-一般,ゲンユ,11765
,I,の,の,ノ,助詞-格助詞,ノ,28989
,I,生産,生産,セイサン,名詞-普通名詞-サ変可能,セイサン,19803
,I,で,で,デ,助詞-格助詞,デ,25518
,I,は,は,ハ,助詞-係助詞,ハ,29321
,I,同,同,ドウ,名詞-普通名詞-一般,ドウ,26971
,I,3,三,サン,名詞-数詞,サン,14499
,I,位,位,イ,接尾辞-名詞的-一般,イ,276821
,I,。,。,,補助記号-句点,,25
,I,原油,原油,ゲンユ,名詞-普通名詞-一般,ゲンユ,11765
,I,輸出,輸出,ユシュツ,名詞-普通名詞-サ変可能,ユシュツ,38828
,I,だけ,だけ,ダケ,助詞-副助詞,ダケ,23122
,I,で,で,デ,助詞-格助詞,デ,25518
,I,政府,政府,セイフ,名詞-普通名詞-一般,セイフ,19974
,I,歳入,歳入,サイニュウ,名詞-普通名詞-一般,サイニュウ,13795
,I,の,の,ノ,助詞-格助詞,ノ,28989
,I,1,一,イチ,名詞-数詞,イチ,2050
,I,7,七,ナナ,名詞-数詞,ナナ,27908
,I,%,％,,補助記号-一般,,86213
,I,を,を,ヲ,助詞-格助詞,ヲ,41407
,I,稼ぎ,稼ぐ,カセグ,動詞-一般,カセグ,6560
,I,、,、,,補助記号-読点,,24
,I,政権,政権,セイケン,名詞-普通名詞-一般,セイケン,19771
,I,を,を,ヲ,助詞-格助詞,ヲ,41407
,I,支える,支える,ササエル,動詞-一般,ササエル,14097
,I,財源,財源,ザイゲン,名詞-普通名詞-一般,ザイゲン,14777
,I,と,と,ト,助詞-格助詞,ト,25826
,I,し,為る,スル,動詞-非自立可能,スル,19537
,I,て,て,テ,助詞-接続助詞,テ,24874
,I,き,来る,クル,動詞-非自立可能,クル,10518
,I,まし,ます,マス,助動詞,マス,35697
,I,た,た,タ,助動詞,タ,21642
,I,。,。,,補助記号-句点,,25
,I,米国,米国,ベイコク,名詞-固有名詞-地名-国,ベイコク,34111
,I,は,は,ハ,助詞-係助詞,ハ,29321
,I,ロシア,ロシア-Rossiya,ロシア,名詞-固有名詞-地名-国,ロシア,40961
,I,産,産,サン,接尾辞-名詞的-一般,サン,14503
,I,の,の,ノ,助詞-格助詞,ノ,28989
,I,原油,原油,ゲンユ,名詞-普通名詞-一般,ゲンユ,11765
,I,や,や,ヤ,助詞-副助詞,ヤ,38083
,I,天然,天然,テンネン,名詞-普通名詞-一般,テンネン,25460
,I,ガス,ガス-gas,ガス,名詞-普通名詞-一般,ガス,8064
,I,、,、,,補助記号-読点,,24
,I,石炭,石炭,セキタン,名詞-普通名詞-一般,セキタン,20097
,I,の,の,ノ,助詞-格助詞,ノ,28989
,I,輸入,輸入,ユニュウ,名詞-普通名詞-サ変可能,ユニュウ,38877
,I,を,を,ヲ,助詞-格助詞,ヲ,41407
,I,禁じる,禁ずる,キンズル,動詞-一般,キンジル,9667
,I,と,と,ト,助詞-格助詞,ト,25826
,I,決め,決める,キメル,動詞-一般,キメル,8850
,I,、,、,,補助記号-読点,,24
,I,英国,英国,エイコク,名詞-固有名詞-地名-国,エイコク,3652
,I,や,や,ヤ,助詞-副助詞,ヤ,38083
,I,E,Ｅ,イー,記号-文字,イー,2868
,I,U,Ｕ,ユー,記号-文字,ユー,38951
,I,も,も,モ,助詞-係助詞,モ,37562
,I,エネルギー,エネルギー-energy,エネルギー,名詞-普通名詞-一般,エネルギー,3965
,I,の,の,ノ,助詞-格助詞,ノ,28989
,I,調達,調達,チョウタツ,名詞-普通名詞-サ変可能,チョウタツ,24054
,I,で,で,デ,助詞-格助詞,デ,25518
,I,「,「,,補助記号-括弧開,,33
,I,脱,脱,ダツ,接頭辞,ダツ,23195
,I,ロシア,ロシア-Rossiya,ロシア,名詞-固有名詞-地名-国,ロシア,40961
,I,」,」,,補助記号-括弧閉,,34
,I,を,を,ヲ,助詞-格助詞,ヲ,41407
,I,進める,進める,ススメル,動詞-一般,ススメル,19189
,I,計画,計画,ケイカク,名詞-普通名詞-サ変可能,ケイカク,10906
,I,を,を,ヲ,助詞-格助詞,ヲ,41407
,I,公表,公表,コウヒョウ,名詞-普通名詞-サ変可能,コウヒョウ,12337
,I,し,為る,スル,動詞-非自立可能,スル,19537
,I,て,て,テ,助詞-接続助詞,テ,24874
,I,い,居る,イル,動詞-非自立可能,イル,2585
,I,ます,ます,マス,助動詞,マス,35697
,I,。,。,,補助記号-句点,,25
,B,:n:写真,写真,シャシン,名詞-普通名詞-一般,シャシン,15925
,I,・,・,,補助記号-一般,,44
,I,図版,図版,ズハン,名詞-普通名詞-一般,ズハン,19645
,B,侵攻,侵攻,シンコウ,名詞-普通名詞-サ変可能,シンコウ,17316
,I,以降,以降,イコウ,名詞-普通名詞-副詞可能,イコウ,1770
,I,の,の,ノ,助詞-格助詞,ノ,28989
,I,死者,死者,シシャ,名詞-普通名詞-一般,シシャ,15281
,I,・,・,,補助記号-一般,,44
,I,負傷,負傷,フショウ,名詞-普通名詞-サ変可能,フショウ,32759
,I,者,者,シャ,接尾辞-名詞的-一般,シャ,15852
,I,数,数,スウ,名詞-普通名詞-一般,スウ,18996
,B,　,　,,空白,,23
,I,米国,米国,ベイコク,名詞-固有名詞-地名-国,ベイコク,34111
,I,は,は,ハ,助詞-係助詞,ハ,29321
,I,シェール,シェール,シェール,名詞-固有名詞-人名-一般,シェール,115836
,I,と,と,ト,助詞-格助詞,ト,25826
,I,呼ば,呼ぶ,ヨブ,動詞-一般,ヨブ,39448
,I,れる,れる,レル,助動詞,レル,40741
,I,、,、,,補助記号-読点,,24
,I,地中,地中,チチュウ,名詞-普通名詞-一般,チチュウ,23562
,I,深く,深い,フカイ,形容詞-一般,フカイ,32521
,I,の,の,ノ,助詞-格助詞,ノ,28989
,I,硬い,固い,カタイ,形容詞-一般,カタイ,6603
,I,岩石,岩石,ガンセキ,名詞-普通名詞-一般,ガンセキ,8208
,I,の,の,ノ,助詞-格助詞,ノ,28989
,I,層,層,ソウ,名詞-普通名詞-一般,ソウ,20942
,I,から,から,カラ,助詞-格助詞,カラ,7219
,I,とれる,取れる,トレル,動詞-一般,トレル,26874
,I,原油,原油,ゲンユ,名詞-普通名詞-一般,ゲンユ,11765
,I,や,や,ヤ,助詞-副助詞,ヤ,38083
,I,天然,天然,テンネン,名詞-普通名詞-一般,テンネン,25460
,I,ガス,ガス-gas,ガス,名詞-普通名詞-一般,ガス,8064
,I,が,が,ガ,助詞-格助詞,ガ,7889
,I,豊富,豊富,ホウフ,形状詞-一般,ホウフ,34551
,I,で,だ,ダ,助動詞,ダ,22916
,I,、,、,,補助記号-読点,,24
,I,自国,自国,ジコク,名詞-普通名詞-一般,ジコク,17823
,I,で,で,デ,助詞-格助詞,デ,25518
,I,増産,増産,ゾウサン,名詞-普通名詞-サ変可能,ゾウサン,21561
,I,を,を,ヲ,助詞-格助詞,ヲ,41407
,I,進める,進める,ススメル,動詞-一般,ススメル,19189
,I,方針,方針,ホウシン,名詞-普通名詞-一般,ホウシン,34473
,I,です,です,デス,助動詞,デス,25653
,I,。,。,,補助記号-句点,,25
,I,一方,一方,イッポウ,接続詞,イッポウ,2267
,I,、,、,,補助記号-読点,,24
,I,E,Ｅ,イー,記号-文字,イー,2868
,I,U,Ｕ,ユー,記号-文字,ユー,38951
,I,は,は,ハ,助詞-係助詞,ハ,29321
,I,これ,此れ,コレ,代名詞,コレ,13095
,I,まで,まで,マデ,助詞-副助詞,マデ,35891
,I,、,、,,補助記号-読点,,24
,I,天然,天然,テンネン,名詞-普通名詞-一般,テンネン,25460
,I,ガス,ガス-gas,ガス,名詞-普通名詞-一般,ガス,8064
,I,輸入,輸入,ユニュウ,名詞-普通名詞-サ変可能,ユニュウ,38877
,I,の,の,ノ,助詞-格助詞,ノ,28989
,I,4,四,ヨン,名詞-数詞,ヨン,39551
,I,割,割,ワリ,名詞-普通名詞-助数詞可能,ワリ,41343
,I,を,を,ヲ,助詞-格助詞,ヲ,41407
,I,ロシア,ロシア-Rossiya,ロシア,名詞-固有名詞-地名-国,ロシア,40961
,I,産,産,サン,接尾辞-名詞的-一般,サン,14503
,I,に,に,ニ,助詞-格助詞,ニ,28178
,I,頼っ,頼る,タヨル,動詞-一般,タヨル,22712
,I,て,て,テ,助詞-接続助詞,テ,24874
,I,い,居る,イル,動詞-非自立可能,イル,2585
,I,まし,ます,マス,助動詞,マス,35697
,I,た,た,タ,助動詞,タ,21642
,I,。,。,,補助記号-句点,,25
,I,ほか,他,ホカ,名詞-普通名詞-副詞可能,ホカ,34603
,I,の,の,ノ,助詞-格助詞,ノ,28989
,I,調達,調達,チョウタツ,名詞-普通名詞-サ変可能,チョウタツ,24054
,I,先,先,サキ,名詞-普通名詞-副詞可能,サキ,13950
,I,を,を,ヲ,助詞-格助詞,ヲ,41407
,I,増やし,増やす,フヤス,動詞-一般,フヤス,33031
,I,、,、,,補助記号-読点,,24
,I,再生,再生,サイセイ,名詞-普通名詞-サ変可能,サイセイ,13748
,I,可能,可能,カノウ,形状詞-一般,カノウ,6969
,I,エネルギー,エネルギー-energy,エネルギー,名詞-普通名詞-一般,エネルギー,3965
,I,も,も,モ,助詞-係助詞,モ,37562
,I,活用,活用,カツヨウ,名詞-普通名詞-サ変可能,カツヨウ,6817
,I,する,為る,スル,動詞-非自立可能,スル,19537
,I,こと,事,コト,名詞-普通名詞-一般,コト,12836
,I,で,で,デ,助詞-格助詞,デ,25518
,I,埋め合わせ,埋め合わせ,ウメアワセ,名詞-普通名詞-サ変可能,ウメアワセ,3397
,I,を,を,ヲ,助詞-格助詞,ヲ,41407
,I,する,為る,スル,動詞-非自立可能,スル,19537
,I,計画,計画,ケイカク,名詞-普通名詞-サ変可能,ケイカク,10906
,I,です,です,デス,助動詞,デス,25653
,I,が,が,ガ,助詞-接続助詞,ガ,7888
,I,、,、,,補助記号-読点,,24
,I,供給,供給,キョウキュウ,名詞-普通名詞-サ変可能,キョウキュウ,9187
,I,が,が,ガ,助詞-格助詞,ガ,7889
,I,滞れ,滞る,トドコオル,動詞-一般,トドコオル,26515
,I,ば,ば,バ,助詞-接続助詞,バ,30503
,I,市民,市民,シミン,名詞-普通名詞-一般,シミン,15772
,I,生活,生活,セイカツ,名詞-普通名詞-サ変可能,セイカツ,19728
,I,に,に,ニ,助詞-格助詞,ニ,28178
,I,大きく,大きい,オオキイ,形容詞-一般,オオキイ,4563
,I,響き,響く,ヒビク,動詞-一般,ヒビク,31640
,I,ます,ます,マス,助動詞,マス,35697
,I,。,。,,補助記号-句点,,25
,B,:n:写真,写真,シャシン,名詞-普通名詞-一般,シャシン,15925
,I,・,・,,補助記号-一般,,44
,I,図版,図版,ズハン,名詞-普通名詞-一般,ズハン,19645
,B,2,二,ニ,名詞-数詞,ニ,28181
,I,月,月,ガツ,名詞-普通名詞-助数詞可能,ガツ,8121
,I,1,一,イチ,名詞-数詞,イチ,2050
,I,5,五,ゴ,名詞-数詞,ゴ,13327
,I,日,日,ニチ,名詞-普通名詞-助数詞可能,ニチ,28375
,I,、,、,,補助記号-読点,,24
,I,ドイツ,ドイツ-Duits,ドイツ,名詞-固有名詞-地名-国,ドイツ,26955
,I,側,側,ガワ,名詞-普通名詞-一般,ガワ,8181
,I,の,の,ノ,助詞-格助詞,ノ,28989
,I,陸地,陸地,リクチ,名詞-普通名詞-一般,リクチ,39939
,I,部分,部分,ブブン,名詞-普通名詞-一般,ブブン,33429
,I,で,で,デ,助詞-格助詞,デ,25518
,I,撮影,撮影,サツエイ,名詞-普通名詞-サ変可能,サツエイ,14261
,I,さ,為る,スル,動詞-非自立可能,スル,19537
,I,れ,れる,レル,助動詞,レル,40741
,I,た,た,タ,助動詞,タ,21642
,I,ロシア,ロシア-Rossiya,ロシア,名詞-固有名詞-地名-国,ロシア,40961
,I,から,から,カラ,助詞-格助詞,カラ,7219
,I,ドイツ,ドイツ-Duits,ドイツ,名詞-固有名詞-地名-国,ドイツ,26955
,I,へ,へ,ヘ,助詞-格助詞,ヘ,33819
,I,天然,天然,テンネン,名詞-普通名詞-一般,テンネン,25460
,I,ガス,ガス-gas,ガス,名詞-普通名詞-一般,ガス,8064
,I,を,を,ヲ,助詞-格助詞,ヲ,41407
,I,運ぶ,運ぶ,ハコブ,動詞-一般,ハコブ,29656
,I,海底,海底,カイテイ,名詞-普通名詞-一般,カイテイ,5846
,I,パイプライン,パイプライン,パイプライン,名詞-普通名詞-一般,パイプライン,92052
,I,「,「,,補助記号-括弧開,,33
,I,ノルド,ノルド-Norse,ノルド,名詞-普通名詞-一般,ノルド,246078
,I,ストリーム,ストリーム,ストリーム,名詞-普通名詞-一般,ストリーム,98471
,I,2,二,ニ,名詞-数詞,ニ,28181
,I,」,」,,補助記号-括弧閉,,34
,I,=,＝,,補助記号-一般,,55
,I,A,Ａ,エー,記号-文字,エー,4296
,I,P,Ｐ,ピー,記号-文字,ピー,32239
,B,　,　,,空白,,23
,I,日本,日本,ニッポン,名詞-固有名詞-地名-国,ニッポン,28455
,I,は,は,ハ,助詞-係助詞,ハ,29321
,I,輸入,輸入,ユニュウ,名詞-普通名詞-サ変可能,ユニュウ,38877
,I,エネルギー,エネルギー-energy,エネルギー,名詞-普通名詞-一般,エネルギー,3965
,I,の,の,ノ,助詞-格助詞,ノ,28989
,I,うち,内,ウチ,名詞-普通名詞-副詞可能,ウチ,3206
,I,、,、,,補助記号-読点,,24
,I,ロシア,ロシア-Rossiya,ロシア,名詞-固有名詞-地名-国,ロシア,40961
,I,産,産,サン,接尾辞-名詞的-一般,サン,14503
,I,が,が,ガ,助詞-格助詞,ガ,7889
,I,天然,天然,テンネン,名詞-普通名詞-一般,テンネン,25460
,I,ガス,ガス-gas,ガス,名詞-普通名詞-一般,ガス,8064
,I,で,で,デ,助詞-格助詞,デ,25518
,I,約,約,ヤク,接頭辞,ヤク,38151
,I,8,八,ハチ,名詞-数詞,ハチ,29802
,I,%,％,,補助記号-一般,,86213
,I,、,、,,補助記号-読点,,24
,I,原油,原油,ゲンユ,名詞-普通名詞-一般,ゲンユ,11765
,I,で,で,デ,助詞-格助詞,デ,25518
,I,約,約,ヤク,接頭辞,ヤク,38151
,I,4,四,ヨン,名詞-数詞,ヨン,39551
,I,%,％,,補助記号-一般,,86213
,I,を,を,ヲ,助詞-格助詞,ヲ,41407
,I,占め,占める,シメル,動詞-一般,シメル,15797
,I,て,て,テ,助詞-接続助詞,テ,24874
,I,い,居る,イル,動詞-非自立可能,イル,2585
,I,ます,ます,マス,助動詞,マス,35697
,I,。,。,,補助記号-句点,,25
,I,世界,世界,セカイ,名詞-普通名詞-一般,セカイ,20054
,I,全体,全体,ゼンタイ,名詞-普通名詞-一般,ゼンタイ,20844
,I,の,の,ノ,助詞-格助詞,ノ,28989
,I,供給,供給,キョウキュウ,名詞-普通名詞-サ変可能,キョウキュウ,9187
,I,量,量,リョウ,名詞-普通名詞-一般,リョウ,40201
,I,に,に,ニ,助詞-格助詞,ニ,28178
,I,余裕,余裕,ヨユウ,名詞-普通名詞-一般,ヨユウ,39498
,I,が,が,ガ,助詞-格助詞,ガ,7889
,I,ない,無い,ナイ,形容詞-非自立可能,ナイ,27442
,I,中,中,ナカ,名詞-普通名詞-副詞可能,ナカ,27572
,I,で,で,デ,助詞-格助詞,デ,25518
,I,輸入,輸入,ユニュウ,名詞-普通名詞-サ変可能,ユニュウ,38877
,I,を,を,ヲ,助詞-格助詞,ヲ,41407
,I,制限,制限,セイゲン,名詞-普通名詞-サ変可能,セイゲン,19772
,I,すれ,為る,スル,動詞-非自立可能,スル,19537
,I,ば,ば,バ,助詞-接続助詞,バ,30503
,I,、,、,,補助記号-読点,,24
,I,日本,日本,ニッポン,名詞-固有名詞-地名-国,ニッポン,28455
,I,経済,経済,ケイザイ,名詞-普通名詞-一般,ケイザイ,10945
,I,に,に,ニ,助詞-格助詞,ニ,28178
,I,も,も,モ,助詞-係助詞,モ,37562
,I,相応,相応,ソウオウ,名詞-普通名詞-サ変形状詞可能,ソウオウ,20966
,I,の,の,ノ,助詞-格助詞,ノ,28989
,I,影響,影響,エイキョウ,名詞-普通名詞-サ変可能,エイキョウ,3645
,I,は,は,ハ,助詞-係助詞,ハ,29321
,I,ある,有る,アル,動詞-非自立可能,アル,1216
,I,だろう,だ,ダ,助動詞,ダ,22916
,I,と,と,ト,助詞-格助詞,ト,25826
,I,み,見る,ミル,動詞-非自立可能,ミル,36920
,I,られ,られる,ラレル,助動詞,ラレル,39787
,I,て,て,テ,助詞-接続助詞,テ,24874
,I,い,居る,イル,動詞-非自立可能,イル,2585
,I,ます,ます,マス,助動詞,マス,35697
,I,。,。,,補助記号-句点,,25
,B,:n:　,　,,空白,,23
,I,資源,資源,シゲン,名詞-普通名詞-一般,シゲン,15221
,I,の,の,ノ,助詞-格助詞,ノ,28989
,I,輸入,輸入,ユニュウ,名詞-普通名詞-サ変可能,ユニュウ,38877
,I,以外,以外,イガイ,名詞-普通名詞-副詞可能,イガイ,1637
,I,で,で,デ,助詞-格助詞,デ,25518
,I,も,も,モ,助詞-係助詞,モ,37562
,I,影響,影響,エイキョウ,名詞-普通名詞-サ変可能,エイキョウ,3645
,I,は,は,ハ,助詞-係助詞,ハ,29321
,I,出,出る,デル,動詞-一般,デル,25728
,I,て,て,テ,助詞-接続助詞,テ,24874
,I,い,居る,イル,動詞-非自立可能,イル,2585
,I,ます,ます,マス,助動詞,マス,35697
,I,。,。,,補助記号-句点,,25
,I,日本,日本,ニッポン,名詞-固有名詞-地名-国,ニッポン,28455
,I,で,で,デ,助詞-格助詞,デ,25518
,I,は,は,ハ,助詞-係助詞,ハ,29321
,I,ロシア,ロシア-Rossiya,ロシア,名詞-固有名詞-地名-国,ロシア,40961
,I,の,の,ノ,助詞-格助詞,ノ,28989
,I,領空,領空,リョウクウ,名詞-普通名詞-一般,リョウクウ,40226
,I,を,を,ヲ,助詞-格助詞,ヲ,41407
,I,通る,通る,トオル,動詞-一般,トオル,26212
,I,空輸,空輸,クウユ,名詞-普通名詞-サ変可能,クウユ,10049
,I,が,が,ガ,助詞-格助詞,ガ,7889
,I,難しく,難しい,ムズカシイ,形容詞-一般,ムズカシイ,37134
,I,なっ,成る,ナル,動詞-非自立可能,ナル,28061
,I,た,た,タ,助動詞,タ,21642
,I,こと,事,コト,名詞-普通名詞-一般,コト,12836
,I,から,から,カラ,助詞-格助詞,カラ,7219
,I,、,、,,補助記号-読点,,24
,I,人気,人気,ニンキ,名詞-普通名詞-一般,ニンキ,28636
,I,の,の,ノ,助詞-格助詞,ノ,28989
,I,ノルウェー,ノルウェー-Norway,ノルウェー,名詞-固有名詞-地名-国,ノルウェー,29279
,I,産,産,サン,接尾辞-名詞的-一般,サン,14503
,I,サーモン,サーモン-salmon,サーモン,名詞-普通名詞-一般,サーモン,43733
,I,の,の,ノ,助詞-格助詞,ノ,28989
,I,供給,供給,キョウキュウ,名詞-普通名詞-サ変可能,キョウキュウ,9187
,I,が,が,ガ,助詞-格助詞,ガ,7889
,I,不,不,フ,接頭辞,フ,32288
,I,安定,安定,アンテイ,名詞-普通名詞-サ変形状詞可能,アンテイ,1389
,I,に,だ,ダ,助動詞,ダ,22916
,I,なっ,成る,ナル,動詞-非自立可能,ナル,28061
,I,て,て,テ,助詞-接続助詞,テ,24874
,I,い,居る,イル,動詞-非自立可能,イル,2585
,I,ます,ます,マス,助動詞,マス,35697
,I,。,。,,補助記号-句点,,25
,I,日本,日本,ニッポン,名詞-固有名詞-地名-国,ニッポン,28455
,I,が,が,ガ,助詞-格助詞,ガ,7889
,I,ロシア,ロシア-Rossiya,ロシア,名詞-固有名詞-地名-国,ロシア,40961
,I,から,から,カラ,助詞-格助詞,カラ,7219
,I,輸入,輸入,ユニュウ,名詞-普通名詞-サ変可能,ユニュウ,38877
,I,し,為る,スル,動詞-非自立可能,スル,19537
,I,て,て,テ,助詞-接続助詞,テ,24874
,I,き,来る,クル,動詞-非自立可能,クル,10518
,I,た,た,タ,助動詞,タ,21642
,I,カニ,蟹,カニ,名詞-普通名詞-一般,カニ,6917
,I,や,や,ヤ,助詞-副助詞,ヤ,38083
,I,ウニ,雲丹,ウニ,名詞-普通名詞-一般,ウニ,3339
,I,の,の,ノ,助詞-格助詞,ノ,28989
,I,品薄,品薄,シナウス,名詞-普通名詞-形状詞可能,シナウス,15594
,I,や,や,ヤ,助詞-副助詞,ヤ,38083
,I,値上がり,値上がり,ネアガリ,名詞-普通名詞-サ変可能,ネアガリ,28761
,I,の,の,ノ,助詞-格助詞,ノ,28989
,I,ほか,他,ホカ,名詞-普通名詞-副詞可能,ホカ,34603
,I,、,、,,補助記号-読点,,24
,I,ロシア,ロシア-Rossiya,ロシア,名詞-固有名詞-地名-国,ロシア,40961
,I,と,と,ト,助詞-格助詞,ト,25826
,I,ウクライナ,ウクライナ-Ukraina,ウクライナ,名詞-固有名詞-地名-国,ウクライナ,3060
,I,が,が,ガ,助詞-格助詞,ガ,7889
,I,世界,世界,セカイ,名詞-普通名詞-一般,セカイ,20054
,I,に,に,ニ,助詞-格助詞,ニ,28178
,I,向け,向ける,ムケル,動詞-一般,ムケル,88132
,I,て,て,テ,助詞-接続助詞,テ,24874
,I,輸出,輸出,ユシュツ,名詞-普通名詞-サ変可能,ユシュツ,38828
,I,し,為る,スル,動詞-非自立可能,スル,19537
,I,て,て,テ,助詞-接続助詞,テ,24874
,I,き,来る,クル,動詞-非自立可能,クル,10518
,I,た,た,タ,助動詞,タ,21642
,I,小麦,小麦,コムギ,名詞-普通名詞-一般,コムギ,13021
,I,も,も,モ,助詞-係助詞,モ,37562
,I,世界,世界,セカイ,名詞-普通名詞-一般,セカイ,20054
,I,的,的,テキ,接尾辞-形状詞的,テキ,25076
,I,な,だ,ダ,助動詞,ダ,22916
,I,値上がり,値上がり,ネアガリ,名詞-普通名詞-サ変可能,ネアガリ,28761
,I,が,が,ガ,助詞-格助詞,ガ,7889
,I,心配,心配,シンパイ,名詞-普通名詞-サ変形状詞可能,シンパイ,17516
,I,さ,為る,スル,動詞-非自立可能,スル,19537
,I,れ,れる,レル,助動詞,レル,40741
,I,て,て,テ,助詞-接続助詞,テ,24874
,I,い,居る,イル,動詞-非自立可能,イル,2585
,I,ます,ます,マス,助動詞,マス,35697
,I,。,。,,補助記号-句点,,25
